date,BAA10Y
1986-01-03,0.023
1986-01-10,0.0206
1986-01-17,0.022000000000000002
1986-01-24,0.0226
1986-01-31,0.0229
1986-02-07,0.0222
1986-02-14,0.024700000000000003
1986-02-21,0.0254
1986-02-28,0.024900000000000002
1986-03-07,0.0268
1986-03-14,0.027200000000000002
1986-03-21,0.0269
1986-03-28,0.0288
1986-04-04,0.028399999999999998
1986-04-11,0.0296
1986-04-18,0.0288
1986-04-25,0.0268
1986-05-02,0.0273
1986-05-09,0.0271
1986-05-16,0.0239
1986-05-23,0.0253
1986-05-30,0.0236
1986-06-06,0.0246
1986-06-13,0.0262
1986-06-20,0.0268
1986-06-27,0.027999999999999997
1986-07-04,0.0282
1986-07-11,0.028399999999999998
1986-07-18,0.0297
1986-07-25,0.029300000000000003
1986-08-01,0.0291
1986-08-08,0.029900000000000003
1986-08-15,0.031200000000000002
1986-08-22,0.0304
1986-08-29,0.030699999999999998
1986-09-05,0.027999999999999997
1986-09-12,0.0264
1986-09-19,0.026099999999999998
1986-09-26,0.0274
1986-10-03,0.0292
1986-10-10,0.0287
1986-10-17,0.0271
1986-10-24,0.0277
1986-10-31,0.0282
1986-11-07,0.0273
1986-11-14,0.0282
1986-11-21,0.028399999999999998
1986-11-28,0.0285
1986-12-05,0.0282
1986-12-12,0.0285
1986-12-19,0.0285
1986-12-26,0.0288
1987-01-02,0.0279
1987-01-09,0.0273
1987-01-16,0.0264
1987-01-23,0.0258
1987-01-30,0.025
1987-02-06,0.0242
1987-02-13,0.0239
1987-02-20,0.024300000000000002
1987-02-27,0.024300000000000002
1987-03-06,0.0235
1987-03-13,0.024
1987-03-20,0.0236
1987-03-27,0.0231
1987-04-03,0.0216
1987-04-10,0.0187
1987-04-17,0.0209
1987-04-24,0.018600000000000002
1987-05-01,0.0196
1987-05-08,0.020499999999999997
1987-05-15,0.0166
1987-05-22,0.0191
1987-05-29,0.0208
1987-06-05,0.0213
1987-06-12,0.022000000000000002
1987-06-19,0.0215
1987-06-26,0.0208
1987-07-03,0.0225
1987-07-10,0.022000000000000002
1987-07-17,0.022099999999999998
1987-07-24,0.0206
1987-07-31,0.021099999999999997
1987-08-07,0.0209
1987-08-14,0.0217
1987-08-21,0.0202
1987-08-28,0.018600000000000002
1987-09-04,0.0178
1987-09-11,0.0191
1987-09-18,0.0207
1987-09-25,0.0191
1987-10-02,0.0196
1987-10-09,0.0174
1987-10-16,0.0159
1987-10-23,0.0253
1987-10-30,0.0245
1987-11-06,0.0241
1987-11-13,0.0235
1987-11-20,0.024300000000000002
1987-11-27,0.021099999999999997
1987-12-04,0.0227
1987-12-11,0.0215
1987-12-18,0.024
1987-12-25,0.0241
1988-01-01,0.0239
1988-01-08,0.023
1988-01-15,0.025099999999999997
1988-01-22,0.0248
1988-01-29,0.025099999999999997
1988-02-05,0.0254
1988-02-12,0.0235
1988-02-19,0.0232
1988-02-26,0.023799999999999998
1988-03-04,0.0217
1988-03-11,0.022400000000000003
1988-03-18,0.0213
1988-03-25,0.022000000000000002
1988-04-01,0.0219
1988-04-08,0.0227
1988-04-15,0.0218
1988-04-22,0.022000000000000002
1988-04-29,0.0207
1988-05-06,0.0197
1988-05-13,0.0203
1988-05-20,0.0187
1988-05-27,0.019
1988-06-03,0.021400000000000002
1988-06-10,0.0215
1988-06-17,0.0191
1988-06-24,0.0212
1988-07-01,0.022000000000000002
1988-07-08,0.0202
1988-07-15,0.0207
1988-07-22,0.020499999999999997
1988-07-29,0.0207
1988-08-05,0.0203
1988-08-12,0.018600000000000002
1988-08-19,0.0187
1988-08-26,0.0189
1988-09-02,0.0217
1988-09-09,0.0217
1988-09-16,0.020499999999999997
1988-09-23,0.0171
1988-09-30,0.016200000000000003
1988-10-07,0.0173
1988-10-14,0.0161
1988-10-21,0.0159
1988-10-28,0.0169
1988-11-04,0.0155
1988-11-11,0.015300000000000001
1988-11-18,0.015
1988-11-25,0.014499999999999999
1988-12-02,0.0143
1988-12-09,0.015600000000000001
1988-12-16,0.0152
1988-12-23,0.0161
1988-12-30,0.0155
1989-01-06,0.0148
1989-01-13,0.016
1989-01-20,0.0159
1989-01-27,0.0165
1989-02-03,0.0152
1989-02-10,0.013600000000000001
1989-02-17,0.0146
1989-02-24,0.0132
1989-03-03,0.0138
1989-03-10,0.013000000000000001
1989-03-17,0.0118
1989-03-24,0.0126
1989-03-31,0.0131
1989-04-07,0.0139
1989-04-14,0.014499999999999999
1989-04-21,0.0146
1989-04-28,0.0155
1989-05-05,0.0155
1989-05-12,0.0168
1989-05-19,0.0169
1989-05-26,0.016399999999999998
1989-06-02,0.0177
1989-06-09,0.0182
1989-06-16,0.0167
1989-06-23,0.0179
1989-06-30,0.0183
1989-07-07,0.0187
1989-07-14,0.018500000000000003
1989-07-21,0.0183
1989-07-28,0.0196
1989-08-04,0.0182
1989-08-11,0.0174
1989-08-18,0.0177
1989-08-25,0.0171
1989-09-01,0.0178
1989-09-08,0.018000000000000002
1989-09-15,0.0179
1989-09-22,0.0167
1989-09-29,0.016200000000000003
1989-10-06,0.018600000000000002
1989-10-13,0.019
1989-10-20,0.0179
1989-10-27,0.0183
1989-11-03,0.0182
1989-11-10,0.0191
1989-11-17,0.0195
1989-11-24,0.0204
1989-12-01,0.020099999999999996
1989-12-08,0.0199
1989-12-15,0.020099999999999996
1989-12-22,0.02
1989-12-29,0.0191
1990-01-05,0.0189
1990-01-12,0.0177
1990-01-19,0.0169
1990-01-26,0.015700000000000002
1990-02-02,0.0159
1990-02-09,0.018000000000000002
1990-02-16,0.0168
1990-02-23,0.0168
1990-03-02,0.0166
1990-03-09,0.0159
1990-03-16,0.016
1990-03-23,0.0165
1990-03-30,0.0158
1990-04-06,0.016399999999999998
1990-04-13,0.015300000000000001
1990-04-20,0.014199999999999999
1990-04-27,0.014499999999999999
1990-05-04,0.0167
1990-05-11,0.0177
1990-05-18,0.016200000000000003
1990-05-25,0.016200000000000003
1990-06-01,0.0179
1990-06-08,0.0175
1990-06-15,0.0173
1990-06-22,0.0173
1990-06-29,0.0179
1990-07-06,0.017
1990-07-13,0.0175
1990-07-20,0.0171
1990-07-27,0.0175
1990-08-03,0.0176
1990-08-10,0.0166
1990-08-17,0.0161
1990-08-24,0.0159
1990-08-31,0.0169
1990-09-07,0.0171
1990-09-14,0.0172
1990-09-21,0.017
1990-09-28,0.0194
1990-10-05,0.02
1990-10-12,0.0197
1990-10-19,0.0212
1990-10-26,0.021099999999999997
1990-11-02,0.0216
1990-11-09,0.022400000000000003
1990-11-16,0.0223
1990-11-23,0.0222
1990-11-30,0.0227
1990-12-07,0.024
1990-12-14,0.023700000000000002
1990-12-21,0.0239
1990-12-28,0.0232
1991-01-04,0.023799999999999998
1991-01-11,0.0229
1991-01-18,0.024
1991-01-25,0.024
1991-02-01,0.0233
1991-02-08,0.0229
1991-02-15,0.0223
1991-02-22,0.021400000000000002
1991-03-01,0.0204
1991-03-08,0.0197
1991-03-15,0.019799999999999998
1991-03-22,0.0199
1991-03-29,0.0196
1991-04-05,0.0197
1991-04-12,0.0199
1991-04-19,0.018600000000000002
1991-04-26,0.0184
1991-05-03,0.0179
1991-05-10,0.0176
1991-05-17,0.0183
1991-05-24,0.018000000000000002
1991-05-31,0.0177
1991-06-07,0.0171
1991-06-14,0.0169
1991-06-21,0.0166
1991-06-28,0.0166
1991-07-05,0.0159
1991-07-12,0.016399999999999998
1991-07-19,0.016200000000000003
1991-07-26,0.0161
1991-08-02,0.0167
1991-08-09,0.0172
1991-08-16,0.0175
1991-08-23,0.0179
1991-08-30,0.0175
1991-09-06,0.0179
1991-09-13,0.018500000000000003
1991-09-20,0.0194
1991-09-27,0.0196
1991-10-04,0.020099999999999996
1991-10-11,0.0194
1991-10-18,0.0196
1991-10-25,0.019299999999999998
1991-11-01,0.020099999999999996
1991-11-08,0.0204
1991-11-15,0.0208
1991-11-22,0.020099999999999996
1991-11-29,0.0206
1991-12-06,0.0206
1991-12-13,0.0207
1991-12-20,0.022099999999999998
1991-12-27,0.023399999999999997
1992-01-03,0.0226
1992-01-10,0.0219
1992-01-17,0.0204
1992-01-24,0.0197
1992-01-31,0.019
1992-02-07,0.0196
1992-02-14,0.018600000000000002
1992-02-21,0.0184
1992-02-28,0.019
1992-03-06,0.0172
1992-03-13,0.0161
1992-03-20,0.0167
1992-03-27,0.0167
1992-04-03,0.0177
1992-04-10,0.018000000000000002
1992-04-17,0.0173
1992-04-24,0.0169
1992-05-01,0.016399999999999998
1992-05-08,0.0174
1992-05-15,0.018000000000000002
1992-05-22,0.0172
1992-05-29,0.0177
1992-06-05,0.0177
1992-06-12,0.0176
1992-06-19,0.018000000000000002
1992-06-26,0.018500000000000003
1992-07-03,0.0199
1992-07-10,0.0195
1992-07-17,0.0197
1992-07-24,0.0206
1992-07-31,0.0197
1992-08-07,0.0207
1992-08-14,0.0207
1992-08-21,0.021099999999999997
1992-08-28,0.0206
1992-09-04,0.0216
1992-09-11,0.0217
1992-09-18,0.022000000000000002
1992-09-25,0.0227
1992-10-02,0.023799999999999998
1992-10-09,0.0227
1992-10-16,0.0226
1992-10-23,0.0209
1992-10-30,0.0219
1992-11-06,0.021
1992-11-13,0.0212
1992-11-20,0.020499999999999997
1992-11-27,0.02
1992-12-04,0.0203
1992-12-11,0.020099999999999996
1992-12-18,0.020499999999999997
1992-12-25,0.020499999999999997
1993-01-01,0.0206
1993-01-08,0.0204
1993-01-15,0.0206
1993-01-22,0.0206
1993-01-29,0.021099999999999997
1993-02-05,0.021400000000000002
1993-02-12,0.0209
1993-02-19,0.0216
1993-02-26,0.022000000000000002
1993-03-05,0.022000000000000002
1993-03-12,0.0209
1993-03-19,0.0218
1993-03-26,0.021400000000000002
1993-04-02,0.0215
1993-04-09,0.022099999999999998
1993-04-16,0.0216
1993-04-23,0.0219
1993-04-30,0.0212
1993-05-07,0.0222
1993-05-14,0.022000000000000002
1993-05-21,0.0215
1993-05-28,0.021
1993-06-04,0.0207
1993-06-11,0.021
1993-06-18,0.0208
1993-06-25,0.021400000000000002
1993-07-02,0.0219
1993-07-09,0.0217
1993-07-16,0.0216
1993-07-23,0.020499999999999997
1993-07-30,0.020499999999999997
1993-08-06,0.019299999999999998
1993-08-13,0.019
1993-08-20,0.0187
1993-08-27,0.0192
1993-09-03,0.0195
1993-09-10,0.0199
1993-09-17,0.02
1993-09-24,0.02
1993-10-01,0.0202
1993-10-08,0.0203
1993-10-15,0.0199
1993-10-22,0.0191
1993-10-29,0.0196
1993-11-05,0.019299999999999998
1993-11-12,0.019799999999999998
1993-11-19,0.0192
1993-11-26,0.019299999999999998
1993-12-03,0.0189
1993-12-10,0.0189
1993-12-17,0.0192
1993-12-24,0.019299999999999998
1993-12-31,0.0194
1994-01-07,0.019299999999999998
1994-01-14,0.0189
1994-01-21,0.019
1994-01-28,0.018600000000000002
1994-02-04,0.0174
1994-02-11,0.0182
1994-02-18,0.0178
1994-02-25,0.0174
1994-03-04,0.017
1994-03-11,0.0168
1994-03-18,0.0163
1994-03-25,0.0159
1994-04-01,0.0159
1994-04-08,0.0159
1994-04-15,0.015700000000000002
1994-04-22,0.015300000000000001
1994-04-29,0.0148
1994-05-06,0.013600000000000001
1994-05-13,0.0141
1994-05-20,0.0152
1994-05-27,0.0151
1994-06-03,0.0152
1994-06-10,0.015300000000000001
1994-06-17,0.0158
1994-06-24,0.0155
1994-07-01,0.0151
1994-07-08,0.0151
1994-07-15,0.0151
1994-07-22,0.0149
1994-07-29,0.0149
1994-08-05,0.0147
1994-08-12,0.0151
1994-08-19,0.0151
1994-08-26,0.015300000000000001
1994-09-02,0.015600000000000001
1994-09-09,0.0154
1994-09-16,0.0152
1994-09-23,0.0148
1994-09-30,0.015
1994-10-07,0.0151
1994-10-14,0.0149
1994-10-21,0.0144
1994-10-28,0.013999999999999999
1994-11-04,0.013500000000000002
1994-11-11,0.0139
1994-11-18,0.013500000000000002
1994-11-25,0.0138
1994-12-02,0.013300000000000001
1994-12-09,0.0129
1994-12-16,0.0128
1994-12-23,0.0123
1994-12-30,0.013000000000000001
1995-01-06,0.012199999999999999
1995-01-13,0.013500000000000002
1995-01-20,0.0131
1995-01-27,0.0131
1995-02-03,0.0132
1995-02-10,0.0132
1995-02-17,0.013999999999999999
1995-02-24,0.0149
1995-03-03,0.0146
1995-03-10,0.0147
1995-03-17,0.0152
1995-03-24,0.0155
1995-03-31,0.0149
1995-04-07,0.0152
1995-04-14,0.0155
1995-04-21,0.0158
1995-04-28,0.0151
1995-05-05,0.0158
1995-05-12,0.0158
1995-05-19,0.0154
1995-05-26,0.0163
1995-06-02,0.0171
1995-06-09,0.016200000000000003
1995-06-16,0.0176
1995-06-23,0.0178
1995-06-30,0.0174
1995-07-07,0.018000000000000002
1995-07-14,0.0177
1995-07-21,0.0174
1995-07-28,0.0171
1995-08-04,0.017
1995-08-11,0.0171
1995-08-18,0.0168
1995-08-25,0.0175
1995-09-01,0.0176
1995-09-08,0.0174
1995-09-15,0.0177
1995-09-22,0.0172
1995-09-29,0.0171
1995-10-06,0.0172
1995-10-13,0.017
1995-10-20,0.0169
1995-10-27,0.017
1995-11-03,0.0173
1995-11-10,0.0174
1995-11-17,0.0175
1995-11-24,0.0178
1995-12-01,0.0183
1995-12-08,0.0176
1995-12-15,0.0177
1995-12-22,0.0178
1995-12-29,0.018000000000000002
1996-01-05,0.0181
1996-01-12,0.0179
1996-01-19,0.0184
1996-01-26,0.0182
1996-02-02,0.0184
1996-02-09,0.0184
1996-02-16,0.0187
1996-02-23,0.0184
1996-03-01,0.0182
1996-03-08,0.0171
1996-03-15,0.017
1996-03-22,0.0177
1996-03-29,0.0178
1996-04-05,0.0168
1996-04-12,0.017
1996-04-19,0.0165
1996-04-26,0.0163
1996-05-03,0.0158
1996-05-10,0.015700000000000002
1996-05-17,0.015700000000000002
1996-05-24,0.015600000000000001
1996-05-31,0.0148
1996-06-07,0.0148
1996-06-14,0.0149
1996-06-21,0.015
1996-06-28,0.0151
1996-07-05,0.0143
1996-07-12,0.0149
1996-07-19,0.0151
1996-07-26,0.0149
1996-08-02,0.015700000000000002
1996-08-09,0.0154
1996-08-16,0.0155
1996-08-23,0.0154
1996-08-30,0.0148
1996-09-06,0.0148
1996-09-13,0.0154
1996-09-20,0.0149
1996-09-27,0.015300000000000001
1996-10-04,0.0155
1996-10-11,0.0155
1996-10-18,0.0152
1996-10-25,0.0152
1996-11-01,0.015600000000000001
1996-11-08,0.015300000000000001
1996-11-15,0.015700000000000002
1996-11-22,0.016200000000000003
1996-11-29,0.0165
1996-12-06,0.016200000000000003
1996-12-13,0.0158
1996-12-20,0.015700000000000002
1996-12-27,0.015700000000000002
1997-01-03,0.015300000000000001
1997-01-10,0.0152
1997-01-17,0.0152
1997-01-24,0.0151
1997-01-31,0.015
1997-02-07,0.0154
1997-02-14,0.015300000000000001
1997-02-21,0.0155
1997-02-28,0.0149
1997-03-07,0.015300000000000001
1997-03-14,0.0148
1997-03-21,0.0149
1997-03-28,0.014199999999999999
1997-04-04,0.0146
1997-04-11,0.014199999999999999
1997-04-18,0.0148
1997-04-25,0.014499999999999999
1997-05-02,0.015300000000000001
1997-05-09,0.015
1997-05-16,0.0147
1997-05-23,0.0151
1997-05-30,0.0151
1997-06-06,0.0155
1997-06-13,0.0154
1997-06-20,0.0152
1997-06-27,0.0151
1997-07-04,0.0155
1997-07-11,0.0154
1997-07-18,0.0152
1997-07-25,0.0151
1997-08-01,0.0149
1997-08-08,0.0151
1997-08-15,0.0158
1997-08-22,0.015
1997-08-29,0.0144
1997-09-05,0.0144
1997-09-12,0.0148
1997-09-19,0.0155
1997-09-26,0.0155
1997-10-03,0.015700000000000002
1997-10-10,0.0151
1997-10-17,0.0147
1997-10-24,0.0148
1997-10-31,0.016
1997-11-07,0.015600000000000001
1997-11-14,0.015600000000000001
1997-11-21,0.0155
1997-11-28,0.0152
1997-12-05,0.0148
1997-12-12,0.015600000000000001
1997-12-19,0.0154
1997-12-26,0.0151
1998-01-02,0.0154
1998-01-09,0.0171
1998-01-16,0.0167
1998-01-23,0.0163
1998-01-30,0.0168
1998-02-06,0.0168
1998-02-13,0.0172
1998-02-20,0.0168
1998-02-27,0.0167
1998-03-06,0.016399999999999998
1998-03-13,0.0169
1998-03-20,0.017
1998-03-27,0.0166
1998-04-03,0.0174
1998-04-10,0.0171
1998-04-17,0.017
1998-04-24,0.0168
1998-05-01,0.0166
1998-05-08,0.0163
1998-05-15,0.0163
1998-05-22,0.016200000000000003
1998-05-29,0.0163
1998-06-05,0.016
1998-06-12,0.0165
1998-06-19,0.0165
1998-06-26,0.0167
1998-07-03,0.0167
1998-07-10,0.0168
1998-07-17,0.0168
1998-07-24,0.017
1998-07-31,0.0171
1998-08-07,0.0173
1998-08-14,0.0174
1998-08-21,0.018000000000000002
1998-08-28,0.0207
1998-09-04,0.0207
1998-09-11,0.0223
1998-09-18,0.023700000000000002
1998-09-25,0.0248
1998-10-02,0.026000000000000002
1998-10-09,0.0256
1998-10-16,0.0277
1998-10-23,0.0264
1998-10-30,0.0265
1998-11-06,0.0254
1998-11-13,0.0252
1998-11-20,0.0246
1998-11-27,0.024399999999999998
1998-12-04,0.026000000000000002
1998-12-11,0.026000000000000002
1998-12-18,0.0265
1998-12-25,0.025
1999-01-01,0.0258
1999-01-08,0.025099999999999997
1999-01-15,0.026099999999999998
1999-01-22,0.0259
1999-01-29,0.0255
1999-02-05,0.0245
1999-02-12,0.0231
1999-02-19,0.023399999999999997
1999-02-26,0.022400000000000003
1999-03-05,0.022400000000000003
1999-03-12,0.0233
1999-03-19,0.0233
1999-03-26,0.0233
1999-04-02,0.0233
1999-04-09,0.0235
1999-04-16,0.0227
1999-04-23,0.0226
1999-04-30,0.0222
1999-05-07,0.0217
1999-05-14,0.0212
1999-05-21,0.0223
1999-05-28,0.0218
1999-06-04,0.0212
1999-06-11,0.0207
1999-06-18,0.0213
1999-06-25,0.0213
1999-07-02,0.021400000000000002
1999-07-09,0.021099999999999997
1999-07-16,0.0217
1999-07-23,0.0218
1999-07-30,0.0219
1999-08-06,0.0219
1999-08-13,0.0226
1999-08-20,0.0223
1999-08-27,0.022400000000000003
1999-09-03,0.022799999999999997
1999-09-10,0.0227
1999-09-17,0.022799999999999997
1999-09-24,0.0241
1999-10-01,0.0226
1999-10-08,0.0226
1999-10-15,0.0231
1999-10-22,0.0225
1999-10-29,0.022799999999999997
1999-11-05,0.0227
1999-11-12,0.0213
1999-11-19,0.0202
1999-11-26,0.020099999999999996
1999-12-03,0.0196
1999-12-10,0.0195
1999-12-17,0.019299999999999998
1999-12-24,0.018799999999999997
1999-12-31,0.0173
2000-01-07,0.017
2000-01-14,0.0173
2000-01-21,0.0163
2000-01-28,0.016
2000-02-04,0.016
2000-02-11,0.0173
2000-02-18,0.0182
2000-02-25,0.0199
2000-03-03,0.019299999999999998
2000-03-10,0.0209
2000-03-17,0.0216
2000-03-24,0.0213
2000-03-31,0.023
2000-04-07,0.024
2000-04-14,0.0253
2000-04-21,0.0241
2000-04-28,0.023399999999999997
2000-05-05,0.0236
2000-05-12,0.0252
2000-05-19,0.0255
2000-05-26,0.025099999999999997
2000-06-02,0.025
2000-06-09,0.023399999999999997
2000-06-16,0.023700000000000002
2000-06-23,0.023399999999999997
2000-06-30,0.024
2000-07-07,0.023700000000000002
2000-07-14,0.022400000000000003
2000-07-21,0.0227
2000-07-28,0.0225
2000-08-04,0.0233
2000-08-11,0.0245
2000-08-18,0.0246
2000-08-25,0.025
2000-09-01,0.0254
2000-09-08,0.0252
2000-09-15,0.026000000000000002
2000-09-22,0.0255
2000-09-29,0.0254
2000-10-06,0.0253
2000-10-13,0.0264
2000-10-20,0.0265
2000-10-27,0.0258
2000-11-03,0.0252
2000-11-10,0.025
2000-11-17,0.0258
2000-11-24,0.0263
2000-12-01,0.026600000000000002
2000-12-08,0.0274
2000-12-15,0.0277
2000-12-22,0.028999999999999998
2000-12-29,0.0288
2001-01-05,0.029900000000000003
2001-01-12,0.027999999999999997
2001-01-19,0.027000000000000003
2001-01-26,0.0265
2001-02-02,0.0263
2001-02-09,0.0279
2001-02-16,0.0281
2001-02-23,0.0286
2001-03-02,0.0287
2001-03-09,0.0282
2001-03-16,0.030299999999999997
2001-03-23,0.0304
2001-03-30,0.0304
2001-04-06,0.030600000000000002
2001-04-13,0.0292
2001-04-20,0.0287
2001-04-27,0.0276
2001-05-04,0.0273
2001-05-11,0.026699999999999998
2001-05-18,0.0262
2001-05-25,0.0265
2001-06-01,0.0263
2001-06-08,0.0265
2001-06-15,0.0271
2001-06-22,0.0275
2001-06-29,0.0265
2001-07-06,0.0269
2001-07-13,0.0271
2001-07-20,0.0277
2001-07-27,0.0277
2001-08-03,0.027200000000000002
2001-08-10,0.0287
2001-08-17,0.0297
2001-08-24,0.0291
2001-08-31,0.028999999999999998
2001-09-07,0.029900000000000003
2001-09-14,0.0336
2001-09-21,0.0353
2001-09-28,0.0342
2001-10-05,0.034
2001-10-12,0.0333
2001-10-19,0.0329
2001-10-26,0.0331
2001-11-02,0.0337
2001-11-09,0.0327
2001-11-16,0.030699999999999998
2001-11-23,0.0297
2001-11-30,0.031
2001-12-07,0.0296
2001-12-14,0.0291
2001-12-21,0.0287
2001-12-28,0.0287
2002-01-04,0.0278
2002-01-11,0.0286
2002-01-18,0.0286
2002-01-25,0.0281
2002-02-01,0.0286
2002-02-08,0.030299999999999997
2002-02-15,0.0298
2002-02-22,0.0298
2002-03-01,0.0297
2002-03-08,0.0279
2002-03-15,0.0281
2002-03-22,0.0278
2002-03-29,0.0281
2002-04-05,0.0285
2002-04-12,0.0286
2002-04-19,0.027999999999999997
2002-04-26,0.028300000000000002
2002-05-03,0.028900000000000002
2002-05-10,0.029300000000000003
2002-05-17,0.0294
2002-05-24,0.0296
2002-05-31,0.0298
2002-06-07,0.0296
2002-06-14,0.0302
2002-06-21,0.0305
2002-06-28,0.0313
2002-07-05,0.0315
2002-07-12,0.032400000000000005
2002-07-19,0.0325
2002-07-26,0.0334
2002-08-02,0.0334
2002-08-09,0.0336
2002-08-16,0.0332
2002-08-23,0.0327
2002-08-30,0.0332
2002-09-06,0.0342
2002-09-13,0.0344
2002-09-20,0.0359
2002-09-27,0.0371
2002-10-04,0.0378
2002-10-11,0.0388
2002-10-18,0.037599999999999995
2002-10-25,0.0378
2002-11-01,0.037599999999999995
2002-11-08,0.0366
2002-11-15,0.0354
2002-11-22,0.034300000000000004
2002-11-29,0.0338
2002-12-06,0.0342
2002-12-13,0.0342
2002-12-20,0.0342
2002-12-27,0.0349
2003-01-03,0.0339
2003-01-10,0.0331
2003-01-17,0.0329
2003-01-24,0.0333
2003-01-31,0.0316
2003-02-07,0.0311
2003-02-14,0.0316
2003-02-21,0.0316
2003-02-28,0.0321
2003-03-07,0.0326
2003-03-14,0.0322
2003-03-21,0.029900000000000003
2003-03-28,0.0301
2003-04-04,0.029900000000000003
2003-04-11,0.029300000000000003
2003-04-18,0.0286
2003-04-25,0.0282
2003-05-02,0.0273
2003-05-09,0.0281
2003-05-16,0.028399999999999998
2003-05-23,0.0281
2003-05-30,0.0285
2003-06-06,0.028300000000000002
2003-06-13,0.0288
2003-06-20,0.0286
2003-06-27,0.027999999999999997
2003-07-04,0.027200000000000002
2003-07-11,0.0273
2003-07-18,0.026099999999999998
2003-07-25,0.025699999999999997
2003-08-01,0.025699999999999997
2003-08-08,0.0269
2003-08-15,0.0255
2003-08-22,0.024900000000000002
2003-08-29,0.0246
2003-09-05,0.0252
2003-09-12,0.0256
2003-09-19,0.0252
2003-09-26,0.0255
2003-10-03,0.0252
2003-10-10,0.0248
2003-10-17,0.023799999999999998
2003-10-24,0.0242
2003-10-31,0.0236
2003-11-07,0.0232
2003-11-14,0.023700000000000002
2003-11-21,0.0239
2003-11-28,0.0233
2003-12-05,0.0233
2003-12-12,0.023399999999999997
2003-12-19,0.0233
2003-12-26,0.0233
2004-01-02,0.0232
2004-01-09,0.0231
2004-01-16,0.023
2004-01-23,0.023
2004-01-30,0.0219
2004-02-06,0.0216
2004-02-13,0.022000000000000002
2004-02-20,0.0218
2004-02-27,0.022099999999999998
2004-03-05,0.0225
2004-03-12,0.0231
2004-03-19,0.023
2004-03-26,0.0231
2004-04-02,0.0217
2004-04-09,0.0215
2004-04-16,0.021099999999999997
2004-04-23,0.0207
2004-04-30,0.020499999999999997
2004-05-07,0.0197
2004-05-14,0.0203
2004-05-21,0.0203
2004-05-28,0.0203
2004-06-04,0.0206
2004-06-11,0.0203
2004-06-18,0.0203
2004-06-25,0.0207
2004-07-02,0.0213
2004-07-09,0.021400000000000002
2004-07-16,0.0215
2004-07-23,0.0213
2004-07-30,0.021
2004-08-06,0.0222
2004-08-13,0.022000000000000002
2004-08-20,0.0219
2004-08-27,0.0218
2004-09-03,0.0215
2004-09-10,0.0216
2004-09-17,0.0213
2004-09-24,0.0212
2004-10-01,0.0209
2004-10-08,0.021
2004-10-15,0.0212
2004-10-22,0.0212
2004-10-29,0.0209
2004-11-05,0.0202
2004-11-12,0.0202
2004-11-19,0.0199
2004-11-26,0.0196
2004-12-03,0.0196
2004-12-10,0.0195
2004-12-17,0.0192
2004-12-24,0.0191
2004-12-31,0.018600000000000002
2005-01-07,0.0183
2005-01-14,0.0179
2005-01-21,0.0179
2005-01-28,0.0175
2005-02-04,0.0169
2005-02-11,0.0165
2005-02-18,0.016200000000000003
2005-02-25,0.016200000000000003
2005-03-04,0.015700000000000002
2005-03-11,0.0148
2005-03-18,0.0159
2005-03-25,0.0158
2005-04-01,0.0165
2005-04-08,0.016399999999999998
2005-04-15,0.0178
2005-04-22,0.0174
2005-04-29,0.0176
2005-05-06,0.0182
2005-05-13,0.018799999999999997
2005-05-20,0.0189
2005-05-27,0.0191
2005-06-03,0.0184
2005-06-10,0.0184
2005-06-17,0.018500000000000003
2005-06-24,0.0189
2005-07-01,0.0183
2005-07-08,0.0183
2005-07-15,0.0177
2005-07-22,0.0175
2005-07-29,0.0167
2005-08-05,0.0167
2005-08-12,0.0171
2005-08-19,0.0172
2005-08-26,0.0169
2005-09-02,0.0184
2005-09-09,0.0182
2005-09-16,0.018500000000000003
2005-09-23,0.0183
2005-09-30,0.0181
2005-10-07,0.0182
2005-10-14,0.0187
2005-10-21,0.018500000000000003
2005-10-28,0.0183
2005-11-04,0.0182
2005-11-11,0.0184
2005-11-18,0.018600000000000002
2005-11-25,0.0191
2005-12-02,0.0187
2005-12-09,0.018799999999999997
2005-12-16,0.018500000000000003
2005-12-23,0.0183
2005-12-30,0.0182
2006-01-06,0.0184
2006-01-13,0.0182
2006-01-20,0.0181
2006-01-27,0.0178
2006-02-03,0.0172
2006-02-10,0.0171
2006-02-17,0.017
2006-02-24,0.016399999999999998
2006-03-03,0.0167
2006-03-10,0.0167
2006-03-17,0.017
2006-03-24,0.017
2006-03-31,0.0169
2006-04-07,0.017
2006-04-14,0.0169
2006-04-21,0.017
2006-04-28,0.0167
2006-05-05,0.016
2006-05-12,0.0163
2006-05-19,0.0165
2006-05-26,0.0167
2006-06-02,0.0167
2006-06-09,0.0166
2006-06-16,0.0167
2006-06-23,0.0169
2006-06-30,0.0167
2006-07-07,0.0166
2006-07-14,0.0169
2006-07-21,0.0169
2006-07-28,0.0167
2006-08-04,0.0169
2006-08-11,0.0172
2006-08-18,0.0171
2006-08-25,0.0174
2006-09-01,0.0173
2006-09-08,0.0172
2006-09-15,0.0169
2006-09-22,0.0172
2006-09-29,0.0172
2006-10-06,0.0173
2006-10-13,0.0172
2006-10-20,0.0169
2006-10-27,0.0165
2006-11-03,0.0159
2006-11-10,0.0161
2006-11-17,0.016
2006-11-24,0.016
2006-12-01,0.0165
2006-12-08,0.0163
2006-12-15,0.0166
2006-12-22,0.0167
2006-12-29,0.016399999999999998
2007-01-05,0.016
2007-01-12,0.0159
2007-01-19,0.015700000000000002
2007-01-26,0.015600000000000001
2007-02-02,0.015600000000000001
2007-02-09,0.0154
2007-02-16,0.0155
2007-02-23,0.015300000000000001
2007-03-02,0.016399999999999998
2007-03-09,0.0165
2007-03-16,0.017
2007-03-23,0.0175
2007-03-30,0.0175
2007-04-06,0.0171
2007-04-13,0.017
2007-04-20,0.0168
2007-04-27,0.0168
2007-05-04,0.016399999999999998
2007-05-11,0.0166
2007-05-18,0.0163
2007-05-25,0.016200000000000003
2007-06-01,0.016
2007-06-08,0.016200000000000003
2007-06-15,0.016
2007-06-22,0.016
2007-06-29,0.0159
2007-07-06,0.0159
2007-07-13,0.0159
2007-07-20,0.0161
2007-07-27,0.0187
2007-08-03,0.018600000000000002
2007-08-10,0.018799999999999997
2007-08-17,0.0207
2007-08-24,0.020099999999999996
2007-08-31,0.020499999999999997
2007-09-07,0.021
2007-09-14,0.0212
2007-09-21,0.0203
2007-09-28,0.02
2007-10-05,0.0194
2007-10-12,0.0187
2007-10-19,0.0197
2007-10-26,0.019799999999999998
2007-11-02,0.0204
2007-11-09,0.0218
2007-11-16,0.0226
2007-11-23,0.023700000000000002
2007-11-30,0.024700000000000003
2007-12-07,0.026099999999999998
2007-12-14,0.0255
2007-12-21,0.025
2007-12-28,0.025099999999999997
2008-01-04,0.0259
2008-01-11,0.0277
2008-01-18,0.0287
2008-01-25,0.029500000000000002
2008-02-01,0.0298
2008-02-08,0.030899999999999997
2008-02-15,0.031400000000000004
2008-02-22,0.031200000000000002
2008-02-29,0.0322
2008-03-07,0.0339
2008-03-14,0.0342
2008-03-21,0.0342
2008-03-28,0.0347
2008-04-04,0.034
2008-04-11,0.0338
2008-04-18,0.0326
2008-04-25,0.031400000000000004
2008-05-02,0.0297
2008-05-09,0.030699999999999998
2008-05-16,0.030600000000000002
2008-05-23,0.030600000000000002
2008-05-30,0.03
2008-06-06,0.0304
2008-06-13,0.028999999999999998
2008-06-20,0.029500000000000002
2008-06-27,0.0304
2008-07-04,0.0308
2008-07-11,0.0315
2008-07-18,0.0317
2008-07-25,0.0317
2008-08-01,0.0321
2008-08-08,0.0323
2008-08-15,0.0327
2008-08-22,0.0327
2008-08-29,0.0329
2008-09-05,0.0337
2008-09-12,0.034300000000000004
2008-09-19,0.0377
2008-09-26,0.0388
2008-10-03,0.0435
2008-10-10,0.048600000000000004
2008-10-17,0.0545
2008-10-24,0.0554
2008-10-31,0.0553
2008-11-07,0.0545
2008-11-14,0.0556
2008-11-21,0.0588
2008-11-28,0.061
2008-12-05,0.060700000000000004
2008-12-12,0.0608
2008-12-19,0.0594
2008-12-26,0.059000000000000004
2009-01-02,0.0572
2009-01-09,0.0572
2009-01-16,0.0555
2009-01-23,0.056299999999999996
2009-01-30,0.0538
2009-02-06,0.0513
2009-02-13,0.0524
2009-02-20,0.0525
2009-02-27,0.052199999999999996
2009-03-06,0.0535
2009-03-13,0.0556
2009-03-20,0.058600000000000006
2009-03-27,0.0572
2009-04-03,0.056799999999999996
2009-04-10,0.056100000000000004
2009-04-17,0.054299999999999994
2009-04-24,0.0525
2009-05-01,0.0501
2009-05-08,0.048499999999999995
2009-05-15,0.048499999999999995
2009-05-22,0.0466
2009-05-29,0.0429
2009-06-05,0.0395
2009-06-12,0.0379
2009-06-19,0.0354
2009-06-26,0.0365
2009-07-03,0.0363
2009-07-10,0.0371
2009-07-17,0.0356
2009-07-24,0.0341
2009-07-31,0.0311
2009-08-07,0.0285
2009-08-14,0.0302
2009-08-21,0.030600000000000002
2009-08-28,0.029500000000000002
2009-09-04,0.03
2009-09-11,0.0297
2009-09-18,0.0285
2009-09-25,0.028300000000000002
2009-10-02,0.029300000000000003
2009-10-09,0.0296
2009-10-16,0.029300000000000003
2009-10-23,0.027999999999999997
2009-10-30,0.0286
2009-11-06,0.0286
2009-11-13,0.029300000000000003
2009-11-20,0.029300000000000003
2009-11-27,0.029900000000000003
2009-12-04,0.0291
2009-12-11,0.0286
2009-12-18,0.0273
2009-12-25,0.0265
2010-01-01,0.0254
2010-01-08,0.024900000000000002
2010-01-15,0.0248
2010-01-22,0.0253
2010-01-29,0.025699999999999997
2010-02-05,0.0262
2010-02-12,0.027200000000000002
2010-02-19,0.0265
2010-02-26,0.0262
2010-03-05,0.026099999999999998
2010-03-12,0.0255
2010-03-19,0.024900000000000002
2010-03-26,0.024900000000000002
2010-04-02,0.024399999999999998
2010-04-09,0.024300000000000002
2010-04-16,0.024300000000000002
2010-04-23,0.023700000000000002
2010-04-30,0.023799999999999998
2010-05-07,0.0255
2010-05-14,0.0259
2010-05-21,0.0276
2010-05-28,0.028900000000000002
2010-06-04,0.029500000000000002
2010-06-11,0.0304
2010-06-18,0.0304
2010-06-25,0.030899999999999997
2010-07-02,0.0304
2010-07-09,0.030699999999999998
2010-07-16,0.0304
2010-07-23,0.029500000000000002
2010-07-30,0.0291
2010-08-06,0.0294
2010-08-13,0.0305
2010-08-20,0.028999999999999998
2010-08-27,0.0296
2010-09-03,0.0297
2010-09-10,0.0294
2010-09-17,0.030299999999999997
2010-09-24,0.0305
2010-10-01,0.030699999999999998
2010-10-08,0.0321
2010-10-15,0.0326
2010-10-22,0.0318
2010-10-29,0.0315
2010-11-05,0.0327
2010-11-12,0.032400000000000005
2010-11-19,0.0311
2010-11-26,0.030699999999999998
2010-12-03,0.0302
2010-12-10,0.0279
2010-12-17,0.0273
2010-12-24,0.027000000000000003
2010-12-31,0.0268
2011-01-07,0.0273
2011-01-14,0.0274
2011-01-21,0.0268
2011-01-28,0.027000000000000003
2011-02-04,0.025699999999999997
2011-02-11,0.0256
2011-02-18,0.0258
2011-02-25,0.026000000000000002
2011-03-04,0.026000000000000002
2011-03-11,0.0263
2011-03-18,0.0269
2011-03-25,0.0258
2011-04-01,0.0258
2011-04-08,0.0256
2011-04-15,0.0256
2011-04-22,0.025699999999999997
2011-04-29,0.0258
2011-05-06,0.026000000000000002
2011-05-13,0.0264
2011-05-20,0.0263
2011-05-27,0.0265
2011-06-03,0.0273
2011-06-10,0.0271
2011-06-17,0.0279
2011-06-24,0.028300000000000002
2011-07-01,0.0269
2011-07-08,0.0273
2011-07-15,0.027999999999999997
2011-07-22,0.0275
2011-07-29,0.0277
2011-08-05,0.0277
2011-08-12,0.031400000000000004
2011-08-19,0.031200000000000002
2011-08-26,0.0325
2011-09-02,0.0318
2011-09-09,0.032799999999999996
2011-09-16,0.0331
2011-09-23,0.0331
2011-09-30,0.033
2011-10-07,0.0332
2011-10-14,0.0326
2011-10-21,0.0318
2011-10-28,0.029900000000000003
2011-11-04,0.030600000000000002
2011-11-11,0.031400000000000004
2011-11-18,0.031400000000000004
2011-11-25,0.0318
2011-12-02,0.032400000000000005
2011-12-09,0.032799999999999996
2011-12-16,0.0326
2011-12-23,0.0332
2011-12-30,0.0327
2012-01-06,0.0327
2012-01-13,0.032400000000000005
2012-01-20,0.032400000000000005
2012-01-27,0.032799999999999996
2012-02-03,0.0326
2012-02-10,0.0317
2012-02-17,0.0317
2012-02-24,0.031200000000000002
2012-03-02,0.030899999999999997
2012-03-09,0.0311
2012-03-16,0.0304
2012-03-23,0.0301
2012-03-30,0.030699999999999998
2012-04-06,0.0313
2012-04-13,0.0315
2012-04-20,0.0317
2012-04-27,0.0319
2012-05-04,0.0319
2012-05-11,0.0322
2012-05-18,0.0327
2012-05-25,0.0337
2012-06-01,0.0341
2012-06-08,0.0344
2012-06-15,0.0342
2012-06-22,0.0336
2012-06-29,0.0339
2012-07-06,0.0341
2012-07-13,0.0337
2012-07-20,0.0331
2012-07-27,0.0329
2012-08-03,0.0326
2012-08-10,0.0323
2012-08-17,0.0325
2012-08-24,0.0321
2012-08-31,0.0321
2012-09-07,0.032
2012-09-14,0.0315
2012-09-21,0.030600000000000002
2012-09-28,0.030699999999999998
2012-10-05,0.0298
2012-10-12,0.0285
2012-10-19,0.0271
2012-10-26,0.0276
2012-11-02,0.0277
2012-11-09,0.0282
2012-11-16,0.028999999999999998
2012-11-23,0.028900000000000002
2012-11-30,0.029500000000000002
2012-12-07,0.0296
2012-12-14,0.028999999999999998
2012-12-21,0.0286
2012-12-28,0.0285
2013-01-04,0.0281
2013-01-11,0.027999999999999997
2013-01-18,0.0282
2013-01-25,0.0282
2013-02-01,0.028399999999999998
2013-02-08,0.0286
2013-02-15,0.0285
2013-02-22,0.0287
2013-03-01,0.028999999999999998
2013-03-08,0.0288
2013-03-15,0.028900000000000002
2013-03-22,0.028999999999999998
2013-03-29,0.0296
2013-04-05,0.0282
2013-04-12,0.0282
2013-04-19,0.0281
2013-04-26,0.0281
2013-05-03,0.0282
2013-05-10,0.0282
2013-05-17,0.0281
2013-05-24,0.0275
2013-05-31,0.0279
2013-06-07,0.028900000000000002
2013-06-14,0.029300000000000003
2013-06-21,0.0287
2013-06-28,0.028300000000000002
2013-07-05,0.0277
2013-07-12,0.0277
2013-07-19,0.0274
2013-07-26,0.026699999999999998
2013-08-02,0.0268
2013-08-09,0.0274
2013-08-16,0.027000000000000003
2013-08-23,0.026699999999999998
2013-08-30,0.0256
2013-09-06,0.0259
2013-09-13,0.0264
2013-09-20,0.0268
2013-09-27,0.0273
2013-10-04,0.0276
2013-10-11,0.0268
2013-10-18,0.026600000000000002
2013-10-25,0.026600000000000002
2013-11-01,0.0264
2013-11-08,0.0269
2013-11-15,0.027000000000000003
2013-11-22,0.0265
2013-11-29,0.026099999999999998
2013-12-06,0.0258
2013-12-13,0.025
2013-12-20,0.023799999999999998
2013-12-27,0.023700000000000002
2014-01-03,0.023399999999999997
2014-01-10,0.0232
2014-01-17,0.0233
2014-01-24,0.0235
2014-01-31,0.024
2014-02-07,0.0242
2014-02-14,0.023799999999999998
2014-02-21,0.023799999999999998
2014-02-28,0.0235
2014-03-07,0.023399999999999997
2014-03-14,0.024
2014-03-21,0.0232
2014-03-28,0.0225
2014-04-04,0.0225
2014-04-11,0.0223
2014-04-18,0.0216
2014-04-25,0.0213
2014-05-02,0.021400000000000002
2014-05-09,0.022099999999999998
2014-05-16,0.022000000000000002
2014-05-23,0.022400000000000003
2014-05-30,0.0222
2014-06-06,0.0223
2014-06-13,0.0219
2014-06-20,0.022000000000000002
2014-06-27,0.022000000000000002
2014-07-04,0.022099999999999998
2014-07-11,0.022000000000000002
2014-07-18,0.022000000000000002
2014-07-25,0.0219
2014-08-01,0.0223
2014-08-08,0.0227
2014-08-15,0.0229
2014-08-22,0.0226
2014-08-29,0.0223
2014-09-05,0.0229
2014-09-12,0.0227
2014-09-19,0.0226
2014-09-26,0.0227
2014-10-03,0.0229
2014-10-10,0.0236
2014-10-17,0.024399999999999998
2014-10-24,0.024300000000000002
2014-10-31,0.0239
2014-11-07,0.024300000000000002
2014-11-14,0.0248
2014-11-21,0.024900000000000002
2014-11-28,0.0252
2014-12-05,0.0248
2014-12-12,0.0258
2014-12-19,0.0256
2014-12-26,0.025
2015-01-02,0.025099999999999997
2015-01-09,0.0255
2015-01-16,0.0262
2015-01-23,0.026000000000000002
2015-01-30,0.026099999999999998
2015-02-06,0.0255
2015-02-13,0.0255
2015-02-20,0.025
2015-02-27,0.0246
2015-03-06,0.0245
2015-03-13,0.024700000000000003
2015-03-20,0.025099999999999997
2015-03-27,0.0253
2015-04-03,0.0258
2015-04-10,0.0253
2015-04-17,0.0253
2015-04-24,0.0256
2015-05-01,0.026099999999999998
2015-05-08,0.0265
2015-05-15,0.027200000000000002
2015-05-22,0.0274
2015-05-29,0.027200000000000002
2015-06-05,0.0269
2015-06-12,0.027000000000000003
2015-06-19,0.0282
2015-06-26,0.0281
2015-07-03,0.0286
2015-07-10,0.028999999999999998
2015-07-17,0.0287
2015-07-24,0.0287
2015-07-31,0.0294
2015-08-07,0.0291
2015-08-14,0.0297
2015-08-21,0.031
2015-08-28,0.0313
2015-09-04,0.0315
2015-09-11,0.0311
2015-09-18,0.0315
2015-09-25,0.0319
2015-10-02,0.0334
2015-10-09,0.0326
2015-10-16,0.032799999999999996
2015-10-23,0.0323
2015-10-30,0.0319
2015-11-06,0.0317
2015-11-13,0.032
2015-11-20,0.032
2015-11-27,0.0322
2015-12-04,0.0315
2015-12-11,0.032400000000000005
2015-12-18,0.0325
2015-12-25,0.0322
2016-01-01,0.0323
2016-01-08,0.0331
2016-01-15,0.0338
2016-01-22,0.0342
2016-01-29,0.0348
2016-02-05,0.0352
2016-02-12,0.036000000000000004
2016-02-19,0.0356
2016-02-26,0.0356
2016-03-04,0.034300000000000004
2016-03-11,0.0326
2016-03-18,0.0317
2016-03-25,0.030600000000000002
2016-04-01,0.031
2016-04-08,0.030699999999999998
2016-04-15,0.029900000000000003
2016-04-22,0.028900000000000002
2016-04-29,0.0286
2016-05-06,0.0287
2016-05-13,0.028999999999999998
2016-05-20,0.0286
2016-05-27,0.0285
2016-06-03,0.0286
2016-06-10,0.0286
2016-06-17,0.028900000000000002
2016-06-24,0.0298
2016-07-01,0.0286
2016-07-08,0.0278
2016-07-15,0.026600000000000002
2016-07-22,0.026600000000000002
2016-07-29,0.0271
2016-08-05,0.0273
2016-08-12,0.0271
2016-08-19,0.026699999999999998
2016-08-26,0.0263
2016-09-02,0.0263
2016-09-09,0.026699999999999998
2016-09-16,0.0271
2016-09-23,0.0268
2016-09-30,0.0269
2016-10-07,0.0263
2016-10-14,0.0263
2016-10-21,0.026000000000000002
2016-10-28,0.026000000000000002
2016-11-04,0.026699999999999998
2016-11-11,0.026000000000000002
2016-11-18,0.0252
2016-11-25,0.0248
2016-12-02,0.0242
2016-12-09,0.024300000000000002
2016-12-16,0.022799999999999997
2016-12-23,0.0225
2016-12-30,0.022799999999999997
2017-01-06,0.022400000000000003
2017-01-13,0.0223
2017-01-20,0.022099999999999998
2017-01-27,0.0219
2017-02-03,0.022400000000000003
2017-02-10,0.0223
2017-02-17,0.022099999999999998
2017-02-24,0.0223
2017-03-03,0.0216
2017-03-10,0.0218
2017-03-17,0.0222
2017-03-24,0.0222
2017-03-31,0.022400000000000003
2017-04-07,0.022400000000000003
2017-04-14,0.022799999999999997
2017-04-21,0.0229
2017-04-28,0.022799999999999997
2017-05-05,0.022400000000000003
2017-05-12,0.0225
2017-05-19,0.0226
2017-05-26,0.022400000000000003
2017-06-02,0.022400000000000003
2017-06-09,0.022099999999999998
2017-06-16,0.0219
2017-06-23,0.0215
2017-06-30,0.0209
2017-07-07,0.0208
2017-07-14,0.0209
2017-07-21,0.020499999999999997
2017-07-28,0.020499999999999997
2017-08-04,0.020499999999999997
2017-08-11,0.0212
2017-08-18,0.0212
2017-08-25,0.0212
2017-09-01,0.0215
2017-09-08,0.0217
2017-09-15,0.021
2017-09-22,0.020499999999999997
2017-09-29,0.02
2017-10-06,0.019799999999999998
2017-10-13,0.0197
2017-10-20,0.0194
2017-10-27,0.019299999999999998
2017-11-03,0.0191
2017-11-10,0.019299999999999998
2017-11-17,0.019299999999999998
2017-11-24,0.019
2017-12-01,0.0187
2017-12-08,0.0187
2017-12-15,0.018000000000000002
2017-12-22,0.0179
2017-12-29,0.0177
2018-01-05,0.0176
2018-01-12,0.0168
2018-01-19,0.016399999999999998
2018-01-26,0.016
2018-02-02,0.0158
2018-02-09,0.0167
2018-02-16,0.0166
2018-02-23,0.0168
2018-03-02,0.0172
2018-03-09,0.0177
2018-03-16,0.0179
2018-03-23,0.0187
2018-03-30,0.018500000000000003
2018-04-06,0.0184
2018-04-13,0.0179
2018-04-20,0.0178
2018-04-27,0.018000000000000002
2018-05-04,0.018600000000000002
2018-05-11,0.0182
2018-05-18,0.0183
2018-05-25,0.018500000000000003
2018-06-01,0.019
2018-06-08,0.019
2018-06-15,0.0187
2018-06-22,0.0197
2018-06-29,0.0199
2018-07-06,0.0196
2018-07-13,0.019
2018-07-20,0.0191
2018-07-27,0.0184
2018-08-03,0.0184
2018-08-10,0.0187
2018-08-17,0.0189
2018-08-24,0.019
2018-08-31,0.0192
2018-09-07,0.019299999999999998
2018-09-14,0.018799999999999997
2018-09-21,0.0183
2018-09-28,0.0184
2018-10-05,0.018500000000000003
2018-10-12,0.018799999999999997
2018-10-19,0.0192
2018-10-26,0.0202
2018-11-02,0.0202
2018-11-09,0.019799999999999998
2018-11-16,0.0213
2018-11-23,0.0218
2018-11-30,0.0227
2018-12-07,0.0231
2018-12-14,0.0225
2018-12-21,0.0231
2018-12-28,0.024399999999999998
2019-01-04,0.0245
2019-01-11,0.0242
2019-01-18,0.023799999999999998
2019-01-25,0.023399999999999997
2019-02-01,0.0231
2019-02-08,0.023
2019-02-15,0.022799999999999997
2019-02-22,0.0225
2019-03-01,0.0222
2019-03-08,0.0227
2019-03-15,0.022799999999999997
2019-03-22,0.023
2019-03-29,0.0226
2019-04-05,0.0222
2019-04-12,0.0215
2019-04-19,0.0212
2019-04-26,0.0213
2019-05-03,0.021099999999999997
2019-05-10,0.022000000000000002
2019-05-17,0.022400000000000003
2019-05-24,0.0231
2019-05-31,0.023700000000000002
2019-06-07,0.0242
2019-06-14,0.0242
2019-06-21,0.0235
2019-06-28,0.0231
2019-07-05,0.0226
2019-07-12,0.0225
2019-07-19,0.0226
2019-07-26,0.0213
2019-08-02,0.0218
2019-08-09,0.0223
2019-08-16,0.0226
2019-08-23,0.0227
2019-08-30,0.0226
2019-09-06,0.0226
2019-09-13,0.022099999999999998
2019-09-20,0.0219
2019-09-27,0.0219
2019-10-04,0.0229
2019-10-11,0.0222
2019-10-18,0.022099999999999998
2019-10-25,0.0216
2019-11-01,0.0216
2019-11-08,0.021099999999999997
2019-11-15,0.0213
2019-11-22,0.021400000000000002
2019-11-29,0.0208
2019-12-06,0.0207
2019-12-13,0.0202
2019-12-20,0.0196
2019-12-27,0.0196
2020-01-03,0.0199
2020-01-10,0.0199
2020-01-17,0.019799999999999998
2020-01-24,0.019799999999999998
2020-01-31,0.0213
2020-02-07,0.020499999999999997
2020-02-14,0.0204
2020-02-21,0.0209
2020-02-28,0.023799999999999998
2020-03-06,0.0255
2020-03-13,0.033
2020-03-20,0.042300000000000004
2020-03-27,0.0398
2020-04-03,0.0392
2020-04-10,0.0361
2020-04-17,0.0327
2020-04-24,0.0325
2020-05-01,0.0325
2020-05-08,0.0337
2020-05-15,0.0341
2020-05-22,0.0318
2020-05-29,0.0308
2020-06-05,0.0286
2020-06-12,0.0291
2020-06-19,0.0287
2020-06-26,0.0292
2020-07-03,0.0287
2020-07-10,0.0274
2020-07-17,0.0268
2020-07-24,0.0258
2020-07-31,0.026000000000000002
2020-08-07,0.025699999999999997
2020-08-14,0.026099999999999998
2020-08-21,0.0264
2020-08-28,0.0271
2020-09-04,0.0268
2020-09-11,0.0269
2020-09-18,0.026600000000000002
2020-09-25,0.0274
2020-10-02,0.0276
2020-10-09,0.026699999999999998
2020-10-16,0.0264
2020-10-23,0.026000000000000002
2020-10-30,0.026099999999999998
2020-11-06,0.025099999999999997
2020-11-13,0.024399999999999998
2020-11-20,0.0235
2020-11-27,0.0232
2020-12-04,0.0223
2020-12-11,0.0223
2020-12-18,0.022400000000000003
2020-12-25,0.0223
2021-01-01,0.0218
2021-01-08,0.0219
2021-01-15,0.0213
2021-01-22,0.021400000000000002
2021-01-29,0.0217
2021-02-05,0.0218
2021-02-12,0.0219
2021-02-19,0.021400000000000002
2021-02-26,0.0212
2021-03-05,0.0213
2021-03-12,0.0219
2021-03-19,0.021
2021-03-26,0.0209
2021-04-02,0.019799999999999998
2021-04-09,0.0196
2021-04-16,0.0197
2021-04-23,0.0199
2021-04-30,0.0196
2021-05-07,0.0197
2021-05-14,0.0203
2021-05-21,0.020099999999999996
2021-05-28,0.0199
2021-06-04,0.019799999999999998
2021-06-11,0.0197
2021-06-18,0.018500000000000003
2021-06-25,0.019
2021-07-02,0.0187
2021-07-09,0.0191
2021-07-16,0.019299999999999998
2021-07-23,0.019299999999999998
2021-07-30,0.0195
2021-08-06,0.0194
2021-08-13,0.019799999999999998
2021-08-20,0.0196
2021-08-27,0.0192
2021-09-03,0.0191
2021-09-10,0.018799999999999997
2021-09-17,0.0183
2021-09-24,0.018000000000000002
2021-10-01,0.018500000000000003
2021-10-08,0.0184
2021-10-15,0.0176
2021-10-22,0.0172
2021-10-29,0.0169
2021-11-05,0.0173
2021-11-12,0.0169
2021-11-19,0.0173
2021-11-26,0.0182
2021-12-03,0.0181
2021-12-10,0.0183
2021-12-17,0.0187
2021-12-24,0.018600000000000002
2021-12-31,0.018500000000000003
2022-01-07,0.0178
2022-01-14,0.0179
2022-01-21,0.0184
2022-01-28,0.0191
2022-02-04,0.0192
2022-02-11,0.02
2022-02-18,0.0213
2022-02-25,0.022000000000000002
2022-03-04,0.0231
2022-03-11,0.0235
2022-03-18,0.021400000000000002
2022-03-25,0.0196
2022-04-01,0.0181
2022-04-08,0.0178
2022-04-15,0.019299999999999998
2022-04-22,0.0196
2022-04-29,0.020499999999999997
2022-05-06,0.0209
2022-05-13,0.022400000000000003
2022-05-20,0.0236
2022-05-27,0.0226
2022-06-03,0.0209
2022-06-10,0.0204
2022-06-17,0.0213
2022-06-24,0.0222
2022-07-01,0.0242
2022-07-08,0.0231
2022-07-15,0.023
2022-07-22,0.022799999999999997
2022-07-29,0.0236
2022-08-05,0.0229
2022-08-12,0.0227
2022-08-19,0.0225
2022-08-26,0.0219
2022-09-02,0.022400000000000003
2022-09-09,0.022000000000000002
2022-09-16,0.0218
2022-09-23,0.0209
2022-09-30,0.022400000000000003
2022-10-07,0.0217
2022-10-14,0.022799999999999997
2022-10-21,0.0236
2022-10-28,0.023
2022-11-04,0.0222
2022-11-11,0.0236
2022-11-18,0.0213
2022-11-25,0.0206
2022-12-02,0.0203
2022-12-09,0.019
2022-12-16,0.019799999999999998
2022-12-23,0.02
2022-12-30,0.0199
2023-01-06,0.0207
2023-01-13,0.0195
2023-01-20,0.019799999999999998
2023-01-27,0.018799999999999997
2023-02-03,0.0183
2023-02-10,0.018500000000000003
2023-02-17,0.0189
2023-02-24,0.018600000000000002
2023-03-03,0.0179
2023-03-10,0.0196
2023-03-17,0.022099999999999998
2023-03-24,0.022400000000000003
2023-03-31,0.021099999999999997
2023-04-07,0.021099999999999997
2023-04-14,0.020499999999999997
2023-04-21,0.0204
2023-04-28,0.0208
2023-05-05,0.022000000000000002
2023-05-12,0.022099999999999998
2023-05-19,0.0218
2023-05-26,0.021
2023-06-02,0.021099999999999997
2023-06-09,0.020499999999999997
2023-06-16,0.0196
2023-06-23,0.0196
2023-06-30,0.018799999999999997
2023-07-07,0.0181
2023-07-14,0.0187
2023-07-21,0.018500000000000003
2023-07-28,0.018000000000000002
2023-08-04,0.019
2023-08-11,0.0187
2023-08-18,0.0189
2023-08-25,0.0176
2023-09-01,0.0182
2023-09-08,0.0179
2023-09-15,0.0178
2023-09-22,0.0173
2023-09-29,0.0178
2023-10-06,0.0184
2023-10-13,0.0182
2023-10-20,0.018799999999999997
2023-10-27,0.018799999999999997
2023-11-03,0.018600000000000002
2023-11-10,0.018000000000000002
2023-11-17,0.0178
2023-11-24,0.0172
2023-12-01,0.0171
2023-12-08,0.0161
2023-12-15,0.015700000000000002
2023-12-22,0.0165
2023-12-29,0.0161
2024-01-05,0.0165
2024-01-12,0.016399999999999998
2024-01-19,0.0159
2024-01-26,0.0158
2024-02-02,0.0159
2024-02-09,0.0159
2024-02-16,0.015300000000000001
2024-02-23,0.0149
2024-03-01,0.015700000000000002
2024-03-08,0.0159
2024-03-15,0.0149
2024-03-22,0.015300000000000001
2024-03-29,0.015
2024-04-05,0.0149
2024-04-12,0.014499999999999999
2024-04-19,0.0146
2024-04-26,0.014499999999999999
2024-05-03,0.0149
2024-05-10,0.0148
2024-05-17,0.0148
2024-05-24,0.0146
2024-05-31,0.0146
2024-06-07,0.0146
2024-06-14,0.015300000000000001
2024-06-21,0.0155
2024-06-28,0.0155
2024-07-05,0.015600000000000001
2024-07-12,0.0158
2024-07-19,0.015700000000000002
2024-07-26,0.0165
2024-08-02,0.018000000000000002
2024-08-09,0.0177
2024-08-16,0.0169
2024-08-23,0.017
2024-08-30,0.0169
2024-09-06,0.0173
2024-09-13,0.0172
2024-09-20,0.0167
2024-09-27,0.0166
2024-10-04,0.015700000000000002
2024-10-11,0.0154
2024-10-18,0.015300000000000001
2024-10-25,0.0151
2024-11-01,0.0146
2024-11-08,0.0138
2024-11-15,0.0141
2024-11-22,0.0143
2024-11-29,0.0144
2024-12-06,0.014199999999999999
2024-12-13,0.014199999999999999
2024-12-20,0.0143
2024-12-27,0.013999999999999999
2025-01-03,0.0144
2025-01-10,0.014199999999999999
2025-01-17,0.0146
2025-01-24,0.0143
2025-01-31,0.014499999999999999
2025-02-07,0.014499999999999999
2025-02-14,0.0146
2025-02-21,0.0149
2025-02-28,0.015700000000000002
2025-03-07,0.0161
2025-03-14,0.0165
2025-03-21,0.0168
2025-03-28,0.0173
2025-04-04,0.0194
2025-04-11,0.019
2025-04-18,0.0192
2025-04-25,0.0184
2025-05-02,0.019
2025-05-09,0.0189
2025-05-16,0.0182
2025-05-23,0.018799999999999997
2025-05-30,0.0184
2025-06-06,0.0173
2025-06-13,0.0175
2025-06-20,0.0176
2025-06-27,0.0179
2025-07-04,0.0167
2025-07-11,0.0172
2025-07-18,0.0173
2025-07-25,0.0169
2025-08-01,0.0175
2025-08-08,0.0174
2025-08-15,0.0169
2025-08-22,0.0173
2025-08-29,0.018000000000000002
2025-09-05,0.0178
2025-09-12,0.017
2025-09-19,0.0168
2025-09-26,0.0165
2025-10-03,0.0166
2025-10-10,0.0172
2025-10-17,0.017
2025-10-24,0.0165
2025-10-31,0.0169
2025-11-07,0.0175
2025-11-14,0.0177
2025-11-21,0.0182
2025-11-28,0.0178
2025-12-05,0.0174
2025-12-12,0.0176
2025-12-19,0.0176
2025-12-26,0.0175
2026-01-02,0.0174
2026-01-09,0.017
2026-01-16,0.0163
2026-01-23,0.0161
2026-01-30,0.016200000000000003
2026-02-06,0.0165
2026-02-13,0.0172
2026-02-20,0.0169
2026-02-27,0.018000000000000002
2026-03-06,0.0175
2026-03-13,0.0183
2026-03-20,0.0179
2026-03-27,0.0178
2026-04-03,0.0174
2026-04-10,0.0172
2026-04-17,0.0172
2026-04-24,0.017
2026-05-01,0.0169
2026-05-08,0.0165
2026-05-15,0.016200000000000003
2026-05-22,0.015700000000000002
2026-05-29,0.015700000000000002
2026-06-05,0.0151
2026-06-12,0.015300000000000001
2026-06-19,0.0151
2026-06-26,0.015600000000000001
2026-07-03,0.0154
2026-07-10,0.0158
2026-07-17,0.0159
2026-07-24,0.0159
2026-07-31,0.0163
2026-08-07,0.016399999999999998
2026-08-14,0.0169
2026-08-21,0.0163
2026-08-28,0.0154
2026-09-04,0.015600000000000001
2026-09-11,0.015
2026-09-18,0.013999999999999999
2026-09-25,0.0146
2026-10-02,0.0147
