date,BAMLC0A0CM
2023-10-13,0.0127
2023-10-20,0.013300000000000001
2023-10-27,0.0131
2023-11-03,0.0129
2023-11-10,0.0126
2023-11-17,0.012
2023-11-24,0.011399999999999999
2023-12-01,0.0111
2023-12-08,0.011000000000000001
2023-12-15,0.0104
2023-12-22,0.010700000000000001
2023-12-29,0.0104
2024-01-05,0.0109
2024-01-12,0.0102
2024-01-19,0.0101
2024-01-26,0.0097
2024-02-02,0.0102
2024-02-09,0.01
2024-02-16,0.0096
2024-02-23,0.0095
2024-03-01,0.0101
2024-03-08,0.009899999999999999
2024-03-15,0.009300000000000001
2024-03-22,0.0092
2024-03-29,0.009300000000000001
2024-04-05,0.0092
2024-04-12,0.0092
2024-04-19,0.009399999999999999
2024-04-26,0.009000000000000001
2024-05-03,0.0089
2024-05-10,0.0089
2024-05-17,0.0089
2024-05-24,0.0089
2024-05-31,0.0088
2024-06-07,0.009000000000000001
2024-06-14,0.0095
2024-06-21,0.0096
2024-06-28,0.0096
2024-07-05,0.0092
2024-07-12,0.0092
2024-07-19,0.009300000000000001
2024-07-26,0.0095
2024-08-02,0.0106
2024-08-09,0.0105
2024-08-16,0.0098
2024-08-23,0.0096
2024-08-30,0.0095
2024-09-06,0.009899999999999999
2024-09-13,0.009899999999999999
2024-09-20,0.009300000000000001
2024-09-27,0.0092
2024-10-04,0.0087
2024-10-11,0.0084
2024-10-18,0.0083
2024-10-25,0.0085
2024-11-01,0.0086
2024-11-08,0.0077
2024-11-15,0.008
2024-11-22,0.008
2024-11-29,0.008199999999999999
2024-12-06,0.008100000000000001
2024-12-13,0.0078000000000000005
2024-12-20,0.008199999999999999
2024-12-27,0.008100000000000001
2025-01-03,0.0083
2025-01-10,0.0083
2025-01-17,0.008199999999999999
2025-01-24,0.008
2025-01-31,0.008199999999999999
2025-02-07,0.0084
2025-02-14,0.008
2025-02-21,0.008100000000000001
2025-02-28,0.0088
2025-03-07,0.0089
2025-03-14,0.009399999999999999
2025-03-21,0.0092
2025-03-28,0.009399999999999999
2025-04-04,0.011399999999999999
2025-04-11,0.0118
2025-04-18,0.0111
2025-04-25,0.0104
2025-05-02,0.0106
2025-05-09,0.0102
2025-05-16,0.009300000000000001
2025-05-23,0.009300000000000001
2025-05-30,0.0091
2025-06-06,0.0087
2025-06-13,0.0088
2025-06-20,0.0088
2025-06-27,0.0088
2025-07-04,0.008
2025-07-11,0.0083
2025-07-18,0.008
2025-07-25,0.0078000000000000005
2025-08-01,0.008199999999999999
2025-08-08,0.008
2025-08-15,0.0075
2025-08-22,0.0077
2025-08-29,0.008
2025-09-05,0.0079
2025-09-12,0.0077
2025-09-19,0.0074
2025-09-26,0.0075
2025-10-03,0.0075
2025-10-10,0.008100000000000001
2025-10-17,0.008
2025-10-24,0.0077
2025-10-31,0.008
2025-11-07,0.0084
2025-11-14,0.0083
2025-11-21,0.0086
2025-11-28,0.008199999999999999
2025-12-05,0.0079
2025-12-12,0.008
2025-12-19,0.008
2025-12-26,0.0079
2026-01-02,0.0079
2026-01-09,0.0078000000000000005
2026-01-16,0.0075
2026-01-23,0.0073
2026-01-30,0.0074
2026-02-06,0.0076
2026-02-13,0.0079
2026-02-20,0.0078000000000000005
2026-02-27,0.0085
2026-03-06,0.0084
2026-03-13,0.009300000000000001
2026-03-20,0.0088
2026-03-27,0.0091
2026-04-03,0.0086
2026-04-10,0.008199999999999999
2026-04-17,0.008
2026-04-24,0.008
2026-05-01,0.008100000000000001
2026-05-08,0.0079
2026-05-15,0.0075
2026-05-22,0.0074
2026-05-29,0.0073
2026-06-05,0.0074
2026-06-12,0.0074
2026-06-19,0.0074
2026-06-26,0.0077
2026-07-03,0.0075
2026-07-10,0.0077
2026-07-17,0.0079
2026-07-24,0.008
2026-07-31,0.0079
2026-08-07,0.0078000000000000005
2026-08-14,0.008
2026-08-21,0.008100000000000001
2026-08-28,0.0079
2026-09-04,0.008100000000000001
2026-09-11,0.008
2026-09-18,0.0077
2026-09-25,0.008100000000000001
2026-10-02,0.0085
