date,BAMLH0A0HYM2
2023-10-13,0.043
2023-10-20,0.0452
2023-10-27,0.0453
2023-11-03,0.0404
2023-11-10,0.0403
2023-11-17,0.039900000000000005
2023-11-24,0.0385
2023-12-01,0.0387
2023-12-08,0.0375
2023-12-15,0.0351
2023-12-22,0.0339
2023-12-29,0.0334
2024-01-05,0.0368
2024-01-12,0.0356
2024-01-19,0.0354
2024-01-26,0.0339
2024-02-02,0.0347
2024-02-09,0.0333
2024-02-16,0.0334
2024-02-23,0.0323
2024-03-01,0.0332
2024-03-08,0.0326
2024-03-15,0.0316
2024-03-22,0.0308
2024-03-29,0.031200000000000002
2024-04-05,0.0318
2024-04-12,0.0325
2024-04-19,0.0337
2024-04-26,0.0316
2024-05-03,0.0308
2024-05-10,0.031200000000000002
2024-05-17,0.030899999999999997
2024-05-24,0.0311
2024-05-31,0.032
2024-06-07,0.0315
2024-06-14,0.0329
2024-06-21,0.0321
2024-06-28,0.0318
2024-07-05,0.0327
2024-07-12,0.0319
2024-07-19,0.030899999999999997
2024-07-26,0.031
2024-08-02,0.037200000000000004
2024-08-09,0.0349
2024-08-16,0.0329
2024-08-23,0.0319
2024-08-30,0.0313
2024-09-06,0.0339
2024-09-13,0.0337
2024-09-20,0.0315
2024-09-27,0.031400000000000004
2024-10-04,0.028900000000000002
2024-10-11,0.0298
2024-10-18,0.0288
2024-10-25,0.028900000000000002
2024-11-01,0.028300000000000002
2024-11-08,0.0263
2024-11-15,0.027200000000000002
2024-11-22,0.026099999999999998
2024-11-29,0.027200000000000002
2024-12-06,0.026699999999999998
2024-12-13,0.0268
2024-12-20,0.0286
2024-12-27,0.028399999999999998
2025-01-03,0.0281
2025-01-10,0.0281
2025-01-17,0.0264
2025-01-24,0.026000000000000002
2025-01-31,0.0268
2025-02-07,0.026699999999999998
2025-02-14,0.0262
2025-02-21,0.0278
2025-02-28,0.0287
2025-03-07,0.0297
2025-03-14,0.0325
2025-03-21,0.0321
2025-03-28,0.0347
2025-04-04,0.044500000000000005
2025-04-11,0.0426
2025-04-18,0.04019999999999999
2025-04-25,0.036699999999999997
2025-05-02,0.036000000000000004
2025-05-09,0.0353
2025-05-16,0.0316
2025-05-23,0.034
2025-05-30,0.0331
2025-06-06,0.030899999999999997
2025-06-13,0.0318
2025-06-20,0.0313
2025-06-27,0.0302
2025-07-04,0.027999999999999997
2025-07-11,0.0297
2025-07-18,0.029300000000000003
2025-07-25,0.028399999999999998
2025-08-01,0.0313
2025-08-08,0.0294
2025-08-15,0.0288
2025-08-22,0.0288
2025-08-29,0.0282
2025-09-05,0.028300000000000002
2025-09-12,0.0279
2025-09-19,0.027200000000000002
2025-09-26,0.0275
2025-10-03,0.027999999999999997
2025-10-10,0.0318
2025-10-17,0.0304
2025-10-24,0.0288
2025-10-31,0.0294
2025-11-07,0.0315
2025-11-14,0.030699999999999998
2025-11-21,0.0319
2025-11-28,0.029500000000000002
2025-12-05,0.0285
2025-12-12,0.0291
2025-12-19,0.028999999999999998
2025-12-26,0.0286
2026-01-02,0.028300000000000002
2026-01-09,0.0274
2026-01-16,0.0265
2026-01-23,0.0268
2026-01-30,0.027999999999999997
2026-02-06,0.0287
2026-02-13,0.029500000000000002
2026-02-20,0.0286
2026-02-27,0.031
2026-03-06,0.0313
2026-03-13,0.032799999999999996
2026-03-20,0.032400000000000005
2026-03-27,0.0342
2026-04-03,0.0313
2026-04-10,0.0294
2026-04-17,0.028300000000000002
2026-04-24,0.0286
2026-05-01,0.0277
2026-05-08,0.0281
2026-05-15,0.027999999999999997
2026-05-22,0.0274
2026-05-29,0.027200000000000002
2026-06-05,0.0276
2026-06-12,0.0271
2026-06-19,0.026600000000000002
2026-06-26,0.028300000000000002
2026-07-03,0.0274
2026-07-10,0.0269
2026-07-17,0.0273
2026-07-24,0.0279
2026-07-31,0.0285
2026-08-07,0.027000000000000003
2026-08-14,0.026699999999999998
2026-08-21,0.027000000000000003
2026-08-28,0.026000000000000002
2026-09-04,0.0268
2026-09-11,0.0265
2026-09-18,0.0268
2026-09-25,0.029300000000000003
2026-10-02,0.031
