date,DGS2
1976-06-04,0.0712
1976-06-11,0.0703
1976-06-18,0.0699
1976-06-25,0.0702
1976-07-02,0.0699
1976-07-09,0.0677
1976-07-16,0.06849999999999999
1976-07-23,0.069
1976-07-30,0.0674
1976-08-06,0.06709999999999999
1976-08-13,0.066
1976-08-20,0.0668
1976-08-27,0.066
1976-09-03,0.0652
1976-09-10,0.0646
1976-09-17,0.0626
1976-09-24,0.0644
1976-10-01,0.062400000000000004
1976-10-08,0.0587
1976-10-15,0.0575
1976-10-22,0.060700000000000004
1976-10-29,0.0603
1976-11-05,0.0601
1976-11-12,0.0601
1976-11-19,0.0567
1976-11-26,0.0541
1976-12-03,0.053099999999999994
1976-12-10,0.053099999999999994
1976-12-17,0.054000000000000006
1976-12-24,0.0536
1976-12-31,0.053399999999999996
1977-01-07,0.056799999999999996
1977-01-14,0.0596
1977-01-21,0.0602
1977-01-28,0.0622
1977-02-04,0.0603
1977-02-11,0.0602
1977-02-18,0.060599999999999994
1977-02-25,0.061399999999999996
1977-03-04,0.061
1977-03-11,0.060899999999999996
1977-03-18,0.0608
1977-03-25,0.061
1977-04-01,0.0602
1977-04-08,0.0602
1977-04-15,0.057800000000000004
1977-04-22,0.0599
1977-04-29,0.061399999999999996
1977-05-06,0.062400000000000004
1977-05-13,0.06280000000000001
1977-05-20,0.0643
1977-05-27,0.062
1977-06-03,0.061900000000000004
1977-06-10,0.061500000000000006
1977-06-17,0.061
1977-06-24,0.061
1977-07-01,0.061200000000000004
1977-07-08,0.061900000000000004
1977-07-15,0.0626
1977-07-22,0.0635
1977-07-29,0.065
1977-08-05,0.0653
1977-08-12,0.0668
1977-08-19,0.0667
1977-08-26,0.0662
1977-09-02,0.0653
1977-09-09,0.0676
1977-09-16,0.0668
1977-09-23,0.06860000000000001
1977-09-30,0.0682
1977-10-07,0.0696
1977-10-14,0.0717
1977-10-21,0.0722
1977-10-28,0.07139999999999999
1977-11-04,0.07200000000000001
1977-11-11,0.07150000000000001
1977-11-18,0.0711
1977-11-25,0.071
1977-12-02,0.07150000000000001
1977-12-09,0.07150000000000001
1977-12-16,0.0713
1977-12-23,0.0724
1977-12-30,0.0722
1978-01-06,0.0728
1978-01-13,0.0757
1978-01-20,0.0755
1978-01-27,0.0748
1978-02-03,0.0748
1978-02-10,0.0753
1978-02-17,0.07629999999999999
1978-02-24,0.0761
1978-03-03,0.0759
1978-03-10,0.0754
1978-03-17,0.0755
1978-03-24,0.0756
1978-03-31,0.077
1978-04-07,0.07719999999999999
1978-04-14,0.0761
1978-04-21,0.0781
1978-04-28,0.0797
1978-05-05,0.0796
1978-05-12,0.08
1978-05-19,0.08070000000000001
1978-05-26,0.081
1978-06-02,0.0809
1978-06-09,0.0809
1978-06-16,0.0819
1978-06-23,0.08439999999999999
1978-06-30,0.0848
1978-07-07,0.0848
1978-07-14,0.0851
1978-07-21,0.0859
1978-07-28,0.08449999999999999
1978-08-04,0.08259999999999999
1978-08-11,0.0825
1978-08-18,0.085
1978-08-25,0.08410000000000001
1978-09-01,0.085
1978-09-08,0.08460000000000001
1978-09-15,0.0849
1978-09-22,0.0873
1978-09-29,0.087
1978-10-06,0.08689999999999999
1978-10-13,0.08689999999999999
1978-10-20,0.0885
1978-10-27,0.09119999999999999
1978-11-03,0.0949
1978-11-10,0.0946
1978-11-17,0.0919
1978-11-24,0.096
1978-12-01,0.095
1978-12-08,0.0951
1978-12-15,0.0958
1978-12-22,0.09960000000000001
1978-12-29,0.0998
1979-01-05,0.0987
1979-01-12,0.0992
1979-01-19,0.09910000000000001
1979-01-26,0.0967
1979-02-02,0.09480000000000001
1979-02-09,0.09699999999999999
1979-02-16,0.0968
1979-02-23,0.0992
1979-03-02,0.0987
1979-03-09,0.09789999999999999
1979-03-16,0.0984
1979-03-23,0.0977
1979-03-30,0.09720000000000001
1979-04-06,0.0975
1979-04-13,0.09849999999999999
1979-04-20,0.0973
1979-04-27,0.0993
1979-05-04,0.0993
1979-05-11,0.099
1979-05-18,0.0971
1979-05-25,0.095
1979-06-01,0.0956
1979-06-08,0.0925
1979-06-15,0.0924
1979-06-22,0.09269999999999999
1979-06-29,0.0897
1979-07-06,0.09
1979-07-13,0.0901
1979-07-20,0.0924
1979-07-27,0.09380000000000001
1979-08-03,0.09269999999999999
1979-08-10,0.0933
1979-08-17,0.0944
1979-08-24,0.09720000000000001
1979-08-31,0.0984
1979-09-07,0.10099999999999999
1979-09-14,0.1002
1979-09-21,0.1
1979-09-28,0.10099999999999999
1979-10-05,0.1039
1979-10-12,0.1117
1979-10-19,0.1215
1979-10-26,0.12050000000000001
1979-11-02,0.1219
1979-11-09,0.11779999999999999
1979-11-16,0.1197
1979-11-23,0.11689999999999999
1979-11-30,0.1133
1979-12-07,0.1121
1979-12-14,0.11470000000000001
1979-12-21,0.1142
1979-12-28,0.113
1980-01-04,0.11470000000000001
1980-01-11,0.1133
1980-01-18,0.1152
1980-01-25,0.1182
1980-02-01,0.1204
1980-02-08,0.1231
1980-02-15,0.1313
1980-02-22,0.1452
1980-02-29,0.14730000000000001
1980-03-07,0.152
1980-03-14,0.14800000000000002
1980-03-21,0.1502
1980-03-28,0.1489
1980-04-04,0.1451
1980-04-11,0.1322
1980-04-18,0.1176
1980-04-25,0.1139
1980-05-02,0.10039999999999999
1980-05-09,0.09849999999999999
1980-05-16,0.09759999999999999
1980-05-23,0.0873
1980-05-30,0.0925
1980-06-06,0.0872
1980-06-13,0.0839
1980-06-20,0.0843
1980-06-27,0.0894
1980-07-04,0.0877
1980-07-11,0.0897
1980-07-18,0.08929999999999999
1980-07-25,0.0915
1980-08-01,0.0978
1980-08-08,0.0981
1980-08-15,0.1012
1980-08-22,0.1109
1980-08-29,0.11359999999999999
1980-09-05,0.10890000000000001
1980-09-12,0.114
1980-09-19,0.1159
1980-09-26,0.124
1980-10-03,0.1151
1980-10-10,0.1164
1980-10-17,0.1191
1980-10-24,0.1225
1980-10-31,0.1308
1980-11-07,0.1336
1980-11-14,0.1325
1980-11-21,0.1383
1980-11-28,0.1413
1980-12-05,0.1434
1980-12-12,0.1474
1980-12-19,0.1405
1980-12-26,0.1295
1981-01-02,0.131
1981-01-09,0.1353
1981-01-16,0.1308
1981-01-23,0.1374
1981-01-30,0.1326
1981-02-06,0.1389
1981-02-13,0.1445
1981-02-20,0.1355
1981-02-27,0.1408
1981-03-06,0.1391
1981-03-13,0.13449999999999998
1981-03-20,0.1288
1981-03-27,0.1367
1981-04-03,0.13570000000000002
1981-04-10,0.139
1981-04-17,0.1423
1981-04-24,0.1466
1981-05-01,0.1472
1981-05-08,0.15689999999999998
1981-05-15,0.1555
1981-05-22,0.1548
1981-05-29,0.14400000000000002
1981-06-05,0.14730000000000001
1981-06-12,0.1444
1981-06-19,0.1465
1981-06-26,0.1459
1981-07-03,0.1487
1981-07-10,0.14880000000000002
1981-07-17,0.1507
1981-07-24,0.1564
1981-07-31,0.15839999999999999
1981-08-07,0.1605
1981-08-14,0.16190000000000002
1981-08-21,0.1631
1981-08-28,0.16570000000000001
1981-09-04,0.1689
1981-09-11,0.16469999999999999
1981-09-18,0.1602
1981-09-25,0.1653
1981-10-02,0.1634
1981-10-09,0.152
1981-10-16,0.15460000000000002
1981-10-23,0.15410000000000001
1981-10-30,0.1459
1981-11-06,0.1386
1981-11-13,0.1283
1981-11-20,0.12210000000000001
1981-11-27,0.1211
1981-12-04,0.1223
1981-12-11,0.1335
1981-12-18,0.1319
1981-12-25,0.13949999999999999
1982-01-01,0.1363
1982-01-08,0.1411
1982-01-15,0.1481
1982-01-22,0.1506
1982-01-29,0.1424
1982-02-05,0.1489
1982-02-12,0.1507
1982-02-19,0.1494
1982-02-26,0.1444
1982-03-05,0.1379
1982-03-12,0.1435
1982-03-19,0.1435
1982-03-26,0.1435
1982-04-02,0.1444
1982-04-09,0.14279999999999998
1982-04-16,0.1424
1982-04-23,0.1402
1982-04-30,0.1399
1982-05-07,0.1367
1982-05-14,0.1386
1982-05-21,0.13570000000000002
1982-05-28,0.1362
1982-06-04,0.14029999999999998
1982-06-11,0.1408
1982-06-18,0.1496
1982-06-25,0.14980000000000002
1982-07-02,0.1471
1982-07-09,0.1405
1982-07-16,0.1371
1982-07-23,0.1304
1982-07-30,0.1317
1982-08-06,0.1324
1982-08-13,0.1275
1982-08-20,0.11199999999999999
1982-08-27,0.1193
1982-09-03,0.11689999999999999
1982-09-10,0.1206
1982-09-17,0.11960000000000001
1982-09-24,0.1165
1982-10-01,0.11130000000000001
1982-10-08,0.1015
1982-10-15,0.1
1982-10-22,0.0987
1982-10-29,0.09849999999999999
1982-11-05,0.0973
1982-11-12,0.0987
1982-11-19,0.09789999999999999
1982-11-26,0.09759999999999999
1982-12-03,0.09720000000000001
1982-12-10,0.0987
1982-12-17,0.0966
1982-12-24,0.09519999999999999
1982-12-31,0.09480000000000001
1983-01-07,0.0926
1983-01-14,0.0909
1983-01-21,0.0946
1983-01-28,0.0947
1983-02-04,0.09820000000000001
1983-02-11,0.09699999999999999
1983-02-18,0.0956
1983-02-25,0.0928
1983-03-04,0.0925
1983-03-11,0.0966
1983-03-18,0.0978
1983-03-25,0.09910000000000001
1983-04-01,0.0987
1983-04-08,0.0967
1983-04-15,0.0953
1983-04-22,0.0958
1983-04-29,0.0935
1983-05-06,0.0917
1983-05-13,0.09269999999999999
1983-05-20,0.0964
1983-05-27,0.099
1983-06-03,0.1001
1983-06-10,0.102
1983-06-17,0.1007
1983-06-24,0.1043
1983-07-01,0.1017
1983-07-08,0.1069
1983-07-15,0.1082
1983-07-22,0.10769999999999999
1983-07-29,0.1103
1983-08-05,0.1127
1983-08-12,0.1127
1983-08-19,0.109
1983-08-26,0.10880000000000001
1983-09-02,0.1118
1983-09-09,0.1093
1983-09-16,0.10830000000000001
1983-09-23,0.1061
1983-09-30,0.10529999999999999
1983-10-07,0.1045
1983-10-14,0.1065
1983-10-21,0.1048
1983-10-28,0.1061
1983-11-04,0.1076
1983-11-11,0.1063
1983-11-18,0.10679999999999999
1983-11-25,0.1063
1983-12-02,0.10769999999999999
1983-12-09,0.1085
1983-12-16,0.10869999999999999
1983-12-23,0.10859999999999999
1983-12-30,0.1085
1984-01-06,0.10679999999999999
1984-01-13,0.105
1984-01-20,0.106
1984-01-27,0.10619999999999999
1984-02-03,0.10529999999999999
1984-02-10,0.1073
1984-02-17,0.10869999999999999
1984-02-24,0.1094
1984-03-02,0.1092
1984-03-09,0.1119
1984-03-16,0.1127
1984-03-23,0.1159
1984-03-30,0.11599999999999999
1984-04-06,0.1155
1984-04-13,0.1166
1984-04-20,0.1177
1984-04-27,0.1189
1984-05-04,0.1215
1984-05-11,0.1255
1984-05-18,0.1247
1984-05-25,0.1277
1984-06-01,0.1272
1984-06-08,0.1274
1984-06-15,0.1263
1984-06-22,0.1315
1984-06-29,0.1317
1984-07-06,0.1313
1984-07-13,0.1285
1984-07-20,0.1285
1984-07-27,0.1259
1984-08-03,0.12300000000000001
1984-08-10,0.1235
1984-08-17,0.124
1984-08-24,0.1241
1984-08-31,0.12539999999999998
1984-09-07,0.1245
1984-09-14,0.1215
1984-09-21,0.1206
1984-09-28,0.1207
1984-10-05,0.1193
1984-10-12,0.11720000000000001
1984-10-19,0.1139
1984-10-26,0.1133
1984-11-02,0.1096
1984-11-09,0.1081
1984-11-16,0.10710000000000001
1984-11-23,0.10289999999999999
1984-11-30,0.105
1984-12-07,0.1051
1984-12-14,0.102
1984-12-21,0.09939999999999999
1984-12-28,0.1002
1985-01-04,0.1008
1985-01-11,0.1008
1985-01-18,0.09910000000000001
1985-01-25,0.09759999999999999
1985-02-01,0.10039999999999999
1985-02-08,0.1003
1985-02-15,0.1002
1985-02-22,0.10339999999999999
1985-03-01,0.1073
1985-03-08,0.1056
1985-03-15,0.1082
1985-03-22,0.1075
1985-03-29,0.1043
1985-04-05,0.10529999999999999
1985-04-12,0.1013
1985-04-19,0.0981
1985-04-26,0.09880000000000001
1985-05-03,0.0971
1985-05-10,0.0962
1985-05-17,0.09369999999999999
1985-05-24,0.0913
1985-05-31,0.0892
1985-06-07,0.0882
1985-06-14,0.08449999999999999
1985-06-21,0.08800000000000001
1985-06-28,0.0867
1985-07-05,0.0836
1985-07-12,0.08779999999999999
1985-07-19,0.0882
1985-07-26,0.0898
1985-08-02,0.0915
1985-08-09,0.0895
1985-08-16,0.08900000000000001
1985-08-23,0.08869999999999999
1985-08-30,0.08960000000000001
1985-09-06,0.0915
1985-09-13,0.09029999999999999
1985-09-20,0.0901
1985-09-27,0.0872
1985-10-04,0.08839999999999999
1985-10-11,0.08960000000000001
1985-10-18,0.08810000000000001
1985-10-25,0.0888
1985-11-01,0.087
1985-11-08,0.0857
1985-11-15,0.0866
1985-11-22,0.0852
1985-11-29,0.08460000000000001
1985-12-06,0.08470000000000001
1985-12-13,0.0797
1985-12-20,0.0801
1985-12-27,0.0799
1986-01-03,0.0803
1986-01-10,0.0836
1986-01-17,0.0819
1986-01-24,0.08130000000000001
1986-01-31,0.0799
1986-02-07,0.0815
1986-02-14,0.0799
1986-02-21,0.0793
1986-02-28,0.0771
1986-03-07,0.0729
1986-03-14,0.0718
1986-03-21,0.0719
1986-03-28,0.0704
1986-04-04,0.06849999999999999
1986-04-11,0.0665
1986-04-18,0.0644
1986-04-25,0.0691
1986-05-02,0.0688
1986-05-09,0.06849999999999999
1986-05-16,0.0732
1986-05-23,0.0719
1986-05-30,0.0736
1986-06-06,0.0727
1986-06-13,0.07150000000000001
1986-06-20,0.0706
1986-06-27,0.0684
1986-07-04,0.06709999999999999
1986-07-11,0.066
1986-07-18,0.06559999999999999
1986-07-25,0.0667
1986-08-01,0.06559999999999999
1986-08-08,0.0654
1986-08-15,0.0636
1986-08-22,0.061399999999999996
1986-08-29,0.0594
1986-09-05,0.0625
1986-09-12,0.0643
1986-09-19,0.0652
1986-09-26,0.0639
1986-10-03,0.0616
1986-10-10,0.0616
1986-10-17,0.0638
1986-10-24,0.0635
1986-10-31,0.0626
1986-11-07,0.0635
1986-11-14,0.0633
1986-11-21,0.0621
1986-11-28,0.0621
1986-12-05,0.062400000000000004
1986-12-12,0.062400000000000004
1986-12-19,0.0629
1986-12-26,0.063
1987-01-02,0.063
1987-01-09,0.061900000000000004
1987-01-16,0.0622
1987-01-23,0.062
1987-01-30,0.0633
1987-02-06,0.0638
1987-02-13,0.0643
1987-02-20,0.0633
1987-02-27,0.0635
1987-03-06,0.0642
1987-03-13,0.0639
1987-03-20,0.064
1987-03-27,0.0649
1987-04-03,0.0662
1987-04-10,0.0697
1987-04-17,0.069
1987-04-24,0.0748
1987-05-01,0.0747
1987-05-08,0.0757
1987-05-15,0.0795
1987-05-22,0.0797
1987-05-29,0.07690000000000001
1987-06-05,0.0766
1987-06-12,0.0751
1987-06-19,0.0745
1987-06-26,0.0756
1987-07-03,0.0738
1987-07-10,0.0732
1987-07-17,0.07339999999999999
1987-07-24,0.0753
1987-07-31,0.07629999999999999
1987-08-07,0.07690000000000001
1987-08-14,0.0762
1987-08-21,0.0779
1987-08-28,0.0801
1987-09-04,0.08259999999999999
1987-09-11,0.08310000000000001
1987-09-18,0.083
1987-09-25,0.0848
1987-10-02,0.0861
1987-10-09,0.0901
1987-10-16,0.0922
1987-10-23,0.0776
1987-10-30,0.0758
1987-11-06,0.0762
1987-11-13,0.0775
1987-11-20,0.0766
1987-11-27,0.0787
1987-12-04,0.07719999999999999
1987-12-11,0.0802
1987-12-18,0.0782
1987-12-25,0.0783
1988-01-01,0.07769999999999999
1988-01-08,0.07919999999999999
1988-01-15,0.0761
1988-01-22,0.0751
1988-01-29,0.0722
1988-02-05,0.071
1988-02-12,0.0722
1988-02-19,0.0721
1988-02-26,0.0716
1988-03-04,0.07200000000000001
1988-03-11,0.07200000000000001
1988-03-18,0.0723
1988-03-25,0.0741
1988-04-01,0.0741
1988-04-08,0.0747
1988-04-15,0.076
1988-04-22,0.0764
1988-04-29,0.07730000000000001
1988-05-06,0.0787
1988-05-13,0.079
1988-05-20,0.0808
1988-05-27,0.0823
1988-06-03,0.0806
1988-06-10,0.0799
1988-06-17,0.081
1988-06-24,0.0803
1988-07-01,0.07980000000000001
1988-07-08,0.0825
1988-07-15,0.08310000000000001
1988-07-22,0.08349999999999999
1988-07-29,0.0839
1988-08-05,0.08470000000000001
1988-08-12,0.0868
1988-08-19,0.0874
1988-08-26,0.08779999999999999
1988-09-02,0.08449999999999999
1988-09-09,0.0842
1988-09-16,0.084
1988-09-23,0.08470000000000001
1988-09-30,0.0843
1988-10-07,0.08259999999999999
1988-10-14,0.0833
1988-10-21,0.084
1988-10-28,0.0827
1988-11-04,0.0839
1988-11-11,0.086
1988-11-18,0.0877
1988-11-25,0.0898
1988-12-02,0.09119999999999999
1988-12-09,0.09029999999999999
1988-12-16,0.09179999999999999
1988-12-23,0.0904
1988-12-30,0.09140000000000001
1989-01-06,0.0932
1989-01-13,0.09140000000000001
1989-01-20,0.0913
1989-01-27,0.0907
1989-02-03,0.09230000000000001
1989-02-10,0.09369999999999999
1989-02-17,0.09369999999999999
1989-02-24,0.0966
1989-03-03,0.095
1989-03-10,0.0966
1989-03-17,0.0984
1989-03-24,0.0981
1989-03-31,0.0973
1989-04-07,0.09570000000000001
1989-04-14,0.0943
1989-04-21,0.0944
1989-04-28,0.0922
1989-05-05,0.0904
1989-05-12,0.0882
1989-05-19,0.0894
1989-05-26,0.0889
1989-06-02,0.0852
1989-06-09,0.0828
1989-06-16,0.08529999999999999
1989-06-23,0.0839
1989-06-30,0.0808
1989-07-07,0.0783
1989-07-14,0.0783
1989-07-21,0.0791
1989-07-28,0.0756
1989-08-04,0.07919999999999999
1989-08-11,0.0812
1989-08-18,0.08259999999999999
1989-08-25,0.0834
1989-09-01,0.0837
1989-09-08,0.0827
1989-09-15,0.0806
1989-09-22,0.0834
1989-09-29,0.08460000000000001
1989-10-06,0.081
1989-10-13,0.07690000000000001
1989-10-20,0.07919999999999999
1989-10-27,0.0787
1989-11-03,0.0801
1989-11-10,0.0783
1989-11-17,0.07769999999999999
1989-11-24,0.0764
1989-12-01,0.077
1989-12-08,0.07780000000000001
1989-12-15,0.0775
1989-12-22,0.0774
1989-12-29,0.0787
1990-01-05,0.079
1990-01-12,0.0793
1990-01-19,0.08199999999999999
1990-01-26,0.0828
1990-02-02,0.0837
1990-02-09,0.0825
1990-02-16,0.0836
1990-02-23,0.0843
1990-03-02,0.0848
1990-03-09,0.0873
1990-03-16,0.0864
1990-03-23,0.0861
1990-03-30,0.0864
1990-04-06,0.0852
1990-04-13,0.0857
1990-04-20,0.0882
1990-04-27,0.0898
1990-05-04,0.087
1990-05-11,0.0855
1990-05-18,0.0863
1990-05-25,0.08529999999999999
1990-06-01,0.0833
1990-06-08,0.0833
1990-06-15,0.0833
1990-06-22,0.084
1990-06-29,0.0824
1990-07-06,0.0832
1990-07-13,0.08130000000000001
1990-07-20,0.0808
1990-07-27,0.08
1990-08-03,0.0779
1990-08-10,0.0795
1990-08-17,0.08109999999999999
1990-08-24,0.0832
1990-08-31,0.08070000000000001
1990-09-07,0.08039999999999999
1990-09-14,0.0803
1990-09-21,0.0812
1990-09-28,0.0802
1990-10-05,0.0781
1990-10-12,0.0794
1990-10-19,0.0785
1990-10-26,0.078
1990-11-02,0.0768
1990-11-09,0.0761
1990-11-16,0.0758
1990-11-23,0.0753
1990-11-30,0.0753
1990-12-07,0.0733
1990-12-14,0.0735
1990-12-21,0.073
1990-12-28,0.0725
1991-01-04,0.0717
1991-01-11,0.07139999999999999
1991-01-18,0.07139999999999999
1991-01-25,0.071
1991-02-01,0.0683
1991-02-08,0.068
1991-02-15,0.0682
1991-02-22,0.0698
1991-03-01,0.0718
1991-03-08,0.0708
1991-03-15,0.0701
1991-03-22,0.0713
1991-03-29,0.0702
1991-04-05,0.0692
1991-04-12,0.0688
1991-04-19,0.0703
1991-04-26,0.0689
1991-05-03,0.068
1991-05-10,0.0687
1991-05-17,0.06860000000000001
1991-05-24,0.0669
1991-05-31,0.0668
1991-06-07,0.0698
1991-06-14,0.0702
1991-06-21,0.0694
1991-06-28,0.069
1991-07-05,0.0704
1991-07-12,0.0688
1991-07-19,0.0689
1991-07-26,0.06849999999999999
1991-08-02,0.0669
1991-08-09,0.0649
1991-08-16,0.06309999999999999
1991-08-23,0.0646
1991-08-30,0.0636
1991-09-06,0.0626
1991-09-13,0.061799999999999994
1991-09-20,0.061799999999999994
1991-09-27,0.0602
1991-10-04,0.0591
1991-10-11,0.0591
1991-10-18,0.059500000000000004
1991-10-25,0.0593
1991-11-01,0.0565
1991-11-08,0.056299999999999996
1991-11-15,0.0554
1991-11-22,0.054900000000000004
1991-11-29,0.0538
1991-12-06,0.0519
1991-12-13,0.0509
1991-12-20,0.048
1991-12-27,0.048499999999999995
1992-01-03,0.048
1992-01-10,0.048499999999999995
1992-01-17,0.050199999999999995
1992-01-24,0.0513
1992-01-31,0.051100000000000007
1992-02-07,0.049699999999999994
1992-02-14,0.0527
1992-02-21,0.0546
1992-02-28,0.0527
1992-03-06,0.055999999999999994
1992-03-13,0.058600000000000006
1992-03-20,0.058600000000000006
1992-03-27,0.056799999999999996
1992-04-03,0.0537
1992-04-10,0.0516
1992-04-17,0.053399999999999996
1992-04-24,0.0533
1992-05-01,0.0533
1992-05-08,0.0529
1992-05-15,0.051100000000000007
1992-05-22,0.0524
1992-05-29,0.0519
1992-06-05,0.0513
1992-06-12,0.0506
1992-06-19,0.05
1992-06-26,0.048799999999999996
1992-07-03,0.0455
1992-07-10,0.0438
1992-07-17,0.042699999999999995
1992-07-24,0.0425
1992-07-31,0.044199999999999996
1992-08-07,0.0418
1992-08-14,0.0414
1992-08-21,0.041299999999999996
1992-08-28,0.0416
1992-09-04,0.038900000000000004
1992-09-11,0.0387
1992-09-18,0.038599999999999995
1992-09-25,0.0378
1992-10-02,0.0371
1992-10-09,0.04
1992-10-16,0.0404
1992-10-23,0.0437
1992-10-30,0.044000000000000004
1992-11-06,0.044800000000000006
1992-11-13,0.0454
1992-11-20,0.0466
1992-11-27,0.04769999999999999
1992-12-04,0.047
1992-12-11,0.0478
1992-12-18,0.0466
1992-12-25,0.046
1993-01-01,0.045599999999999995
1993-01-08,0.045
1993-01-15,0.0431
1993-01-22,0.043
1993-01-29,0.042
1993-02-05,0.0407
1993-02-12,0.042
1993-02-19,0.039900000000000005
1993-02-26,0.0392
1993-03-05,0.0391
1993-03-12,0.041100000000000005
1993-03-19,0.0395
1993-03-26,0.04019999999999999
1993-04-02,0.039900000000000005
1993-04-09,0.0385
1993-04-16,0.038
1993-04-23,0.0375
1993-04-30,0.0383
1993-05-07,0.0379
1993-05-14,0.0397
1993-05-21,0.0414
1993-05-28,0.0424
1993-06-04,0.0431
1993-06-11,0.0415
1993-06-18,0.0416
1993-06-25,0.040999999999999995
1993-07-02,0.0393
1993-07-09,0.0398
1993-07-16,0.039900000000000005
1993-07-23,0.0425
1993-07-30,0.041299999999999996
1993-08-06,0.0409
1993-08-13,0.04
1993-08-20,0.0393
1993-08-27,0.0387
1993-09-03,0.0371
1993-09-10,0.038
1993-09-17,0.038900000000000004
1993-09-24,0.039
1993-10-01,0.0384
1993-10-08,0.0378
1993-10-15,0.0381
1993-10-22,0.0391
1993-10-29,0.039900000000000005
1993-11-05,0.042
1993-11-12,0.041100000000000005
1993-11-19,0.042199999999999994
1993-11-26,0.0416
1993-12-03,0.0424
1993-12-10,0.0421
1993-12-17,0.042
1993-12-24,0.0418
1993-12-31,0.0425
1994-01-07,0.0409
1994-01-14,0.0417
1994-01-21,0.0409
1994-01-28,0.0408
1994-02-04,0.044199999999999996
1994-02-11,0.0444
1994-02-18,0.045700000000000005
1994-02-25,0.0472
1994-03-04,0.048799999999999996
1994-03-11,0.0495
1994-03-18,0.050300000000000004
1994-03-25,0.051
1994-04-01,0.0521
1994-04-08,0.054299999999999994
1994-04-15,0.055099999999999996
1994-04-22,0.0562
1994-04-29,0.057300000000000004
1994-05-06,0.061200000000000004
1994-05-13,0.0605
1994-05-20,0.057999999999999996
1994-05-27,0.059699999999999996
1994-06-03,0.0584
1994-06-10,0.058499999999999996
1994-06-17,0.0588
1994-06-24,0.060599999999999994
1994-07-01,0.061900000000000004
1994-07-08,0.0625
1994-07-15,0.0604
1994-07-22,0.061500000000000006
1994-07-29,0.0599
1994-08-05,0.061799999999999994
1994-08-12,0.0622
1994-08-19,0.0623
1994-08-26,0.0621
1994-09-02,0.0617
1994-09-09,0.0635
1994-09-16,0.0642
1994-09-23,0.0652
1994-09-30,0.0662
1994-10-07,0.0665
1994-10-14,0.06570000000000001
1994-10-21,0.068
1994-10-28,0.0682
1994-11-04,0.0705
1994-11-11,0.0706
1994-11-18,0.0723
1994-11-25,0.0719
1994-12-02,0.07440000000000001
1994-12-09,0.0753
1994-12-16,0.0759
1994-12-23,0.0774
1994-12-30,0.07690000000000001
1995-01-06,0.0764
1995-01-13,0.0739
1995-01-20,0.075
1995-01-27,0.0729
1995-02-03,0.07139999999999999
1995-02-10,0.0733
1995-02-17,0.0707
1995-02-24,0.0689
1995-03-03,0.0689
1995-03-10,0.0683
1995-03-17,0.0669
1995-03-24,0.0664
1995-03-31,0.068
1995-04-07,0.0665
1995-04-14,0.06509999999999999
1995-04-21,0.0644
1995-04-28,0.066
1995-05-05,0.0616
1995-05-12,0.062
1995-05-19,0.061900000000000004
1995-05-26,0.059699999999999996
1995-06-02,0.0554
1995-06-09,0.0601
1995-06-16,0.057699999999999994
1995-06-23,0.0564
1995-06-30,0.0579
1995-07-07,0.0554
1995-07-14,0.057
1995-07-21,0.059500000000000004
1995-07-28,0.0592
1995-08-04,0.0591
1995-08-11,0.0605
1995-08-18,0.0613
1995-08-25,0.059000000000000004
1995-09-01,0.057800000000000004
1995-09-08,0.058499999999999996
1995-09-15,0.0571
1995-09-22,0.058499999999999996
1995-09-29,0.0583
1995-10-06,0.057300000000000004
1995-10-13,0.0567
1995-10-20,0.0572
1995-10-27,0.0564
1995-11-03,0.054900000000000004
1995-11-10,0.0552
1995-11-17,0.0546
1995-11-24,0.054900000000000004
1995-12-01,0.053200000000000004
1995-12-08,0.053899999999999997
1995-12-15,0.0536
1995-12-22,0.0528
1995-12-29,0.0518
1996-01-05,0.052000000000000005
1996-01-12,0.051699999999999996
1996-01-19,0.050300000000000004
1996-01-26,0.0508
1996-02-02,0.049
1996-02-09,0.048499999999999995
1996-02-16,0.049
1996-02-23,0.0513
1996-03-01,0.0526
1996-03-08,0.057300000000000004
1996-03-15,0.0587
1996-03-22,0.0574
1996-03-29,0.0579
1996-04-05,0.060899999999999996
1996-04-12,0.0596
1996-04-19,0.059500000000000004
1996-04-26,0.0592
1996-05-03,0.062
1996-05-10,0.0604
1996-05-17,0.0604
1996-05-24,0.0603
1996-05-31,0.06269999999999999
1996-06-07,0.064
1996-06-14,0.0629
1996-06-21,0.0635
1996-06-28,0.0611
1996-07-05,0.0644
1996-07-12,0.0626
1996-07-19,0.061799999999999994
1996-07-26,0.0625
1996-08-02,0.0591
1996-08-09,0.0593
1996-08-16,0.059500000000000004
1996-08-23,0.060899999999999996
1996-08-30,0.0634
1996-09-06,0.0633
1996-09-13,0.061
1996-09-20,0.0626
1996-09-27,0.060700000000000004
1996-10-04,0.058499999999999996
1996-10-11,0.0592
1996-10-18,0.058899999999999994
1996-10-25,0.059000000000000004
1996-11-01,0.0579
1996-11-08,0.0576
1996-11-15,0.056799999999999996
1996-11-22,0.056900000000000006
1996-11-29,0.0559
1996-12-06,0.057300000000000004
1996-12-13,0.057699999999999994
1996-12-20,0.0583
1996-12-27,0.0581
1997-01-03,0.059500000000000004
1997-01-10,0.060599999999999994
1997-01-17,0.06
1997-01-24,0.060700000000000004
1997-01-31,0.0594
1997-02-07,0.058600000000000006
1997-02-14,0.0579
1997-02-21,0.058499999999999996
1997-02-28,0.060899999999999996
1997-03-07,0.061
1997-03-14,0.061799999999999994
1997-03-21,0.0629
1997-03-28,0.0645
1997-04-04,0.0644
1997-04-11,0.0653
1997-04-18,0.0642
1997-04-25,0.0654
1997-05-02,0.0626
1997-05-09,0.062400000000000004
1997-05-16,0.06280000000000001
1997-05-23,0.0625
1997-05-30,0.0622
1997-06-06,0.061200000000000004
1997-06-13,0.0603
1997-06-20,0.0602
1997-06-27,0.0603
1997-07-04,0.0593
1997-07-11,0.058899999999999994
1997-07-18,0.0591
1997-07-25,0.0587
1997-08-01,0.058899999999999994
1997-08-08,0.0602
1997-08-15,0.0587
1997-08-22,0.059800000000000006
1997-08-29,0.059699999999999996
1997-09-05,0.059800000000000006
1997-09-12,0.0593
1997-09-19,0.0581
1997-09-26,0.057999999999999996
1997-10-03,0.0572
1997-10-10,0.058600000000000006
1997-10-17,0.0591
1997-10-24,0.0579
1997-10-31,0.056299999999999996
1997-11-07,0.0571
1997-11-14,0.057
1997-11-21,0.056799999999999996
1997-11-28,0.0576
1997-12-05,0.057999999999999996
1997-12-12,0.056299999999999996
1997-12-19,0.056600000000000004
1997-12-26,0.056900000000000006
1998-01-02,0.0559
1998-01-09,0.051699999999999996
1998-01-16,0.0535
1998-01-23,0.0542
1998-01-30,0.053200000000000004
1998-02-06,0.0538
1998-02-13,0.0536
1998-02-20,0.0541
1998-02-27,0.0555
1998-03-06,0.0558
1998-03-13,0.055
1998-03-20,0.0552
1998-03-27,0.056299999999999996
1998-04-03,0.0542
1998-04-10,0.055
1998-04-17,0.0554
1998-04-24,0.056100000000000004
1998-05-01,0.0559
1998-05-08,0.056100000000000004
1998-05-15,0.056299999999999996
1998-05-22,0.056299999999999996
1998-05-29,0.0553
1998-06-05,0.0558
1998-06-12,0.054299999999999994
1998-06-19,0.0552
1998-06-26,0.055099999999999996
1998-07-03,0.054400000000000004
1998-07-10,0.0541
1998-07-17,0.0546
1998-07-24,0.0548
1998-07-31,0.054900000000000004
1998-08-07,0.053399999999999996
1998-08-14,0.053399999999999996
1998-08-21,0.0525
1998-08-28,0.0493
1998-09-04,0.049100000000000005
1998-09-11,0.046799999999999994
1998-09-18,0.0461
1998-09-25,0.0443
1998-10-02,0.0417
1998-10-09,0.04190000000000001
1998-10-16,0.038599999999999995
1998-10-23,0.042
1998-10-30,0.0412
1998-11-06,0.045899999999999996
1998-11-13,0.0454
1998-11-20,0.0466
1998-11-27,0.0462
1998-12-04,0.0446
1998-12-11,0.0446
1998-12-18,0.044500000000000005
1998-12-25,0.0478
1999-01-01,0.0454
1999-01-08,0.0471
1999-01-15,0.045599999999999995
1999-01-22,0.045899999999999996
1999-01-29,0.0458
1999-02-05,0.048
1999-02-12,0.049100000000000005
1999-02-19,0.0495
1999-02-26,0.0513
1999-03-05,0.051399999999999994
1999-03-12,0.05
1999-03-19,0.0504
1999-03-26,0.0499
1999-04-02,0.0496
1999-04-09,0.048799999999999996
1999-04-16,0.050199999999999995
1999-04-23,0.0504
1999-04-30,0.0508
1999-05-07,0.0519
1999-05-14,0.053
1999-05-21,0.053
1999-05-28,0.0542
1999-06-04,0.0556
1999-06-11,0.057
1999-06-18,0.0556
1999-06-25,0.057300000000000004
1999-07-02,0.0558
1999-07-09,0.056100000000000004
1999-07-16,0.055
1999-07-23,0.0558
1999-07-30,0.056299999999999996
1999-08-06,0.056900000000000006
1999-08-13,0.0571
1999-08-20,0.0565
1999-08-27,0.0565
1999-09-03,0.0564
1999-09-10,0.0564
1999-09-17,0.056299999999999996
1999-09-24,0.0555
1999-10-01,0.057300000000000004
1999-10-08,0.057999999999999996
1999-10-15,0.0582
1999-10-22,0.0596
1999-10-29,0.0579
1999-11-05,0.0572
1999-11-12,0.057800000000000004
1999-11-19,0.0592
1999-11-26,0.0599
1999-12-03,0.0599
1999-12-10,0.0593
1999-12-17,0.061500000000000006
1999-12-24,0.062400000000000004
1999-12-31,0.062400000000000004
2000-01-07,0.06309999999999999
2000-01-14,0.0644
2000-01-21,0.06480000000000001
2000-01-28,0.0658
2000-02-04,0.0663
2000-02-11,0.0665
2000-02-18,0.0666
2000-02-25,0.0645
2000-03-03,0.065
2000-03-10,0.0655
2000-03-17,0.065
2000-03-24,0.0664
2000-03-31,0.065
2000-04-07,0.0638
2000-04-14,0.06269999999999999
2000-04-21,0.0638
2000-04-28,0.0668
2000-05-05,0.0684
2000-05-12,0.0691
2000-05-19,0.06860000000000001
2000-05-26,0.0669
2000-06-02,0.0652
2000-06-09,0.06559999999999999
2000-06-16,0.0638
2000-06-23,0.0655
2000-06-30,0.0638
2000-07-07,0.0629
2000-07-14,0.0641
2000-07-21,0.0632
2000-07-28,0.063
2000-08-04,0.061500000000000006
2000-08-11,0.0625
2000-08-18,0.06269999999999999
2000-08-25,0.061900000000000004
2000-09-01,0.060899999999999996
2000-09-08,0.0611
2000-09-15,0.060700000000000004
2000-09-22,0.060899999999999996
2000-09-29,0.059800000000000006
2000-10-06,0.059800000000000006
2000-10-13,0.0584
2000-10-20,0.0584
2000-10-27,0.0594
2000-11-03,0.0594
2000-11-10,0.0592
2000-11-17,0.0588
2000-11-24,0.058600000000000006
2000-12-01,0.0562
2000-12-08,0.055
2000-12-15,0.0538
2000-12-22,0.051
2000-12-29,0.051100000000000007
2001-01-05,0.045599999999999995
2001-01-12,0.049
2001-01-19,0.0475
2001-01-26,0.0478
2001-02-02,0.04650000000000001
2001-02-09,0.0467
2001-02-16,0.0475
2001-02-23,0.0453
2001-03-02,0.044800000000000006
2001-03-09,0.0447
2001-03-16,0.0426
2001-03-23,0.0424
2001-03-30,0.0418
2001-04-06,0.0407
2001-04-13,0.0436
2001-04-20,0.0426
2001-04-27,0.042800000000000005
2001-05-04,0.0414
2001-05-11,0.0436
2001-05-18,0.0437
2001-05-25,0.0431
2001-06-01,0.042199999999999994
2001-06-08,0.0417
2001-06-15,0.0401
2001-06-22,0.0393
2001-06-29,0.0425
2001-07-06,0.0416
2001-07-13,0.0412
2001-07-20,0.0398
2001-07-27,0.0387
2001-08-03,0.0391
2001-08-10,0.0373
2001-08-17,0.036699999999999997
2001-08-24,0.037599999999999995
2001-08-31,0.0364
2001-09-07,0.0353
2001-09-14,0.0287
2001-09-21,0.0291
2001-09-28,0.0286
2001-10-05,0.0271
2001-10-12,0.0281
2001-10-19,0.0277
2001-10-26,0.0263
2001-11-02,0.0248
2001-11-09,0.0245
2001-11-16,0.030899999999999997
2001-11-23,0.032
2001-11-30,0.028399999999999998
2001-12-07,0.0319
2001-12-14,0.032
2001-12-21,0.0317
2001-12-28,0.0316
2002-01-04,0.0319
2002-01-11,0.0276
2002-01-18,0.0291
2002-01-25,0.0317
2002-02-01,0.0308
2002-02-08,0.029500000000000002
2002-02-15,0.0297
2002-02-22,0.0297
2002-03-01,0.0318
2002-03-08,0.036000000000000004
2002-03-15,0.0363
2002-03-22,0.0377
2002-03-29,0.037200000000000004
2002-04-05,0.0349
2002-04-12,0.0341
2002-04-19,0.0336
2002-04-26,0.0322
2002-05-03,0.0317
2002-05-10,0.0319
2002-05-17,0.0341
2002-05-24,0.032799999999999996
2002-05-31,0.0322
2002-06-07,0.0316
2002-06-14,0.0292
2002-06-21,0.0288
2002-06-28,0.028999999999999998
2002-07-05,0.028999999999999998
2002-07-12,0.0256
2002-07-19,0.0248
2002-07-26,0.022000000000000002
2002-08-02,0.0199
2002-08-09,0.021
2002-08-16,0.022799999999999997
2002-08-23,0.0219
2002-08-30,0.021400000000000002
2002-09-06,0.0208
2002-09-13,0.0207
2002-09-20,0.0194
2002-09-27,0.0182
2002-10-04,0.0178
2002-10-11,0.018500000000000003
2002-10-18,0.0209
2002-10-25,0.019799999999999998
2002-11-01,0.0176
2002-11-08,0.0187
2002-11-15,0.0191
2002-11-22,0.021
2002-11-29,0.0208
2002-12-06,0.0189
2002-12-13,0.0187
2002-12-20,0.0176
2002-12-27,0.016
2003-01-03,0.0179
2003-01-10,0.0179
2003-01-17,0.017
2003-01-24,0.0166
2003-01-31,0.0172
2003-02-07,0.0163
2003-02-14,0.016200000000000003
2003-02-21,0.0163
2003-02-28,0.015300000000000001
2003-03-07,0.0139
2003-03-14,0.015600000000000001
2003-03-21,0.018000000000000002
2003-03-28,0.015600000000000001
2003-04-04,0.0155
2003-04-11,0.0165
2003-04-18,0.0171
2003-04-25,0.015700000000000002
2003-05-02,0.015600000000000001
2003-05-09,0.014499999999999999
2003-05-16,0.0138
2003-05-23,0.0138
2003-05-30,0.013300000000000001
2003-06-06,0.0127
2003-06-13,0.011000000000000001
2003-06-20,0.012199999999999999
2003-06-27,0.0138
2003-07-04,0.0132
2003-07-11,0.0129
2003-07-18,0.0151
2003-07-25,0.0152
2003-08-01,0.018500000000000003
2003-08-08,0.0172
2003-08-15,0.018500000000000003
2003-08-22,0.0197
2003-08-29,0.0195
2003-09-05,0.0172
2003-09-12,0.0166
2003-09-19,0.017
2003-09-26,0.016
2003-10-03,0.0165
2003-10-10,0.0165
2003-10-17,0.019
2003-10-24,0.0176
2003-10-31,0.018500000000000003
2003-11-07,0.0204
2003-11-14,0.0184
2003-11-21,0.0184
2003-11-28,0.0206
2003-12-05,0.018799999999999997
2003-12-12,0.0184
2003-12-19,0.0182
2003-12-26,0.0182
2004-01-02,0.0194
2004-01-09,0.0168
2004-01-16,0.017
2004-01-23,0.0171
2004-01-30,0.0184
2004-02-06,0.0177
2004-02-13,0.017
2004-02-20,0.0175
2004-02-27,0.0166
2004-03-05,0.015700000000000002
2004-03-12,0.0154
2004-03-19,0.015600000000000001
2004-03-26,0.0159
2004-04-02,0.018600000000000002
2004-04-09,0.018799999999999997
2004-04-16,0.0203
2004-04-23,0.0229
2004-04-30,0.0231
2004-05-07,0.0264
2004-05-14,0.0259
2004-05-21,0.026000000000000002
2004-05-28,0.0254
2004-06-04,0.027000000000000003
2004-06-11,0.0281
2004-06-18,0.0281
2004-06-25,0.0274
2004-07-02,0.0254
2004-07-09,0.0255
2004-07-16,0.0254
2004-07-23,0.0269
2004-07-30,0.0268
2004-08-06,0.024
2004-08-13,0.024700000000000003
2004-08-20,0.0246
2004-08-27,0.0248
2004-09-03,0.026099999999999998
2004-09-10,0.025
2004-09-17,0.0253
2004-09-24,0.0262
2004-10-01,0.0263
2004-10-08,0.026099999999999998
2004-10-15,0.0253
2004-10-22,0.0255
2004-10-29,0.0256
2004-11-05,0.027999999999999997
2004-11-12,0.0286
2004-11-19,0.029500000000000002
2004-11-26,0.030299999999999997
2004-12-03,0.0294
2004-12-10,0.029500000000000002
2004-12-17,0.030299999999999997
2004-12-24,0.0302
2004-12-31,0.0308
2005-01-07,0.032
2005-01-14,0.032400000000000005
2005-01-21,0.0316
2005-01-28,0.0325
2005-02-04,0.0329
2005-02-11,0.0334
2005-02-18,0.0345
2005-02-25,0.0354
2005-03-04,0.035699999999999996
2005-03-11,0.0373
2005-03-18,0.037200000000000004
2005-03-25,0.0388
2005-04-01,0.0375
2005-04-08,0.0377
2005-04-15,0.0354
2005-04-22,0.0362
2005-04-29,0.0366
2005-05-06,0.0373
2005-05-13,0.0361
2005-05-20,0.0369
2005-05-27,0.0364
2005-06-03,0.035699999999999996
2005-06-10,0.0371
2005-06-17,0.037200000000000004
2005-06-24,0.0359
2005-07-01,0.037599999999999995
2005-07-08,0.0378
2005-07-15,0.038599999999999995
2005-07-22,0.0392
2005-07-29,0.04019999999999999
2005-08-05,0.041100000000000005
2005-08-12,0.0405
2005-08-19,0.0403
2005-08-26,0.0406
2005-09-02,0.0375
2005-09-09,0.0388
2005-09-16,0.0397
2005-09-23,0.04019999999999999
2005-09-30,0.0418
2005-10-07,0.0418
2005-10-14,0.042699999999999995
2005-10-21,0.042199999999999994
2005-10-28,0.044000000000000004
2005-11-04,0.0447
2005-11-11,0.0444
2005-11-18,0.044000000000000004
2005-11-25,0.0433
2005-12-02,0.0443
2005-12-09,0.0443
2005-12-16,0.0437
2005-12-23,0.0437
2005-12-30,0.0441
2006-01-06,0.0436
2006-01-13,0.0434
2006-01-20,0.0437
2006-01-27,0.0451
2006-02-03,0.045899999999999996
2006-02-10,0.046900000000000004
2006-02-17,0.0466
2006-02-24,0.047400000000000005
2006-03-03,0.047599999999999996
2006-03-10,0.047400000000000005
2006-03-17,0.04650000000000001
2006-03-24,0.0472
2006-03-31,0.0482
2006-04-07,0.0489
2006-04-14,0.0496
2006-04-21,0.049
2006-04-28,0.0487
2006-05-05,0.049400000000000006
2006-05-12,0.0501
2006-05-19,0.0496
2006-05-26,0.0496
2006-06-02,0.0492
2006-06-09,0.0501
2006-06-16,0.0516
2006-06-23,0.0527
2006-06-30,0.0516
2006-07-07,0.051699999999999996
2006-07-14,0.0508
2006-07-21,0.0508
2006-07-28,0.049800000000000004
2006-08-04,0.049100000000000005
2006-08-11,0.0496
2006-08-18,0.0487
2006-08-25,0.048600000000000004
2006-09-01,0.04769999999999999
2006-09-08,0.048
2006-09-15,0.0487
2006-09-22,0.0467
2006-09-29,0.0471
2006-10-06,0.047400000000000005
2006-10-13,0.0487
2006-10-20,0.0487
2006-10-27,0.047599999999999996
2006-11-03,0.0482
2006-11-10,0.0473
2006-11-17,0.047599999999999996
2006-11-24,0.0473
2006-12-01,0.0452
2006-12-08,0.046799999999999994
2006-12-15,0.0473
2006-12-22,0.0471
2006-12-29,0.0482
2007-01-05,0.047599999999999996
2007-01-12,0.048799999999999996
2007-01-19,0.0493
2007-01-26,0.0499
2007-02-02,0.049400000000000006
2007-02-09,0.0492
2007-02-16,0.0483
2007-02-23,0.0482
2007-03-02,0.045599999999999995
2007-03-09,0.0466
2007-03-16,0.0458
2007-03-23,0.046
2007-03-30,0.0458
2007-04-06,0.0475
2007-04-13,0.047599999999999996
2007-04-20,0.0464
2007-04-27,0.0467
2007-05-04,0.046799999999999994
2007-05-11,0.0471
2007-05-18,0.0482
2007-05-25,0.048499999999999995
2007-06-01,0.049699999999999994
2007-06-08,0.0501
2007-06-15,0.050499999999999996
2007-06-22,0.0492
2007-06-29,0.0487
2007-07-06,0.0499
2007-07-13,0.049400000000000006
2007-07-20,0.0479
2007-07-27,0.045599999999999995
2007-08-03,0.0446
2007-08-10,0.0447
2007-08-17,0.0418
2007-08-24,0.043
2007-08-31,0.0415
2007-09-07,0.039
2007-09-14,0.0405
2007-09-21,0.0406
2007-09-28,0.0397
2007-10-05,0.0408
2007-10-12,0.042300000000000004
2007-10-19,0.038
2007-10-26,0.0377
2007-11-02,0.0366
2007-11-09,0.0342
2007-11-16,0.0333
2007-11-23,0.030699999999999998
2007-11-30,0.0304
2007-12-07,0.031200000000000002
2007-12-14,0.0331
2007-12-21,0.0319
2007-12-28,0.031200000000000002
2008-01-04,0.0274
2008-01-11,0.0259
2008-01-18,0.0236
2008-01-25,0.0223
2008-02-01,0.0209
2008-02-08,0.019299999999999998
2008-02-15,0.0191
2008-02-22,0.019799999999999998
2008-02-29,0.0165
2008-03-07,0.015300000000000001
2008-03-14,0.0147
2008-03-21,0.0159
2008-03-28,0.0167
2008-04-04,0.0183
2008-04-11,0.0176
2008-04-18,0.0219
2008-04-25,0.024399999999999998
2008-05-02,0.024700000000000003
2008-05-09,0.0225
2008-05-16,0.024700000000000003
2008-05-23,0.0246
2008-05-30,0.026600000000000002
2008-06-06,0.024
2008-06-13,0.0305
2008-06-20,0.0288
2008-06-27,0.0265
2008-07-04,0.0254
2008-07-11,0.0259
2008-07-18,0.026600000000000002
2008-07-25,0.027000000000000003
2008-08-01,0.025099999999999997
2008-08-08,0.025099999999999997
2008-08-15,0.024
2008-08-22,0.0242
2008-08-29,0.0236
2008-09-05,0.0223
2008-09-12,0.0223
2008-09-19,0.0216
2008-09-26,0.021099999999999997
2008-10-03,0.016
2008-10-10,0.016200000000000003
2008-10-17,0.016399999999999998
2008-10-24,0.015700000000000002
2008-10-31,0.015600000000000001
2008-11-07,0.013300000000000001
2008-11-14,0.012199999999999999
2008-11-21,0.0109
2008-11-28,0.01
2008-12-05,0.009300000000000001
2008-12-12,0.0078000000000000005
2008-12-19,0.0074
2008-12-26,0.0089
2009-01-02,0.0088
2009-01-09,0.0075
2009-01-16,0.0073
2009-01-23,0.0083
2009-01-30,0.009399999999999999
2009-02-06,0.009899999999999999
2009-02-13,0.0097
2009-02-20,0.0096
2009-02-27,0.01
2009-03-06,0.0091
2009-03-13,0.0098
2009-03-20,0.0089
2009-03-27,0.009000000000000001
2009-04-03,0.0096
2009-04-10,0.0096
2009-04-17,0.009899999999999999
2009-04-24,0.009899999999999999
2009-05-01,0.0092
2009-05-08,0.01
2009-05-15,0.0088
2009-05-22,0.0092
2009-05-29,0.0092
2009-06-05,0.0132
2009-06-12,0.013000000000000001
2009-06-19,0.0125
2009-06-26,0.011000000000000001
2009-07-03,0.0098
2009-07-10,0.0091
2009-07-17,0.0102
2009-07-24,0.0105
2009-07-31,0.0113
2009-08-07,0.0132
2009-08-14,0.010700000000000001
2009-08-21,0.0113
2009-08-28,0.0101
2009-09-04,0.009399999999999999
2009-09-11,0.009000000000000001
2009-09-18,0.0103
2009-09-25,0.0098
2009-10-02,0.0088
2009-10-09,0.0098
2009-10-16,0.0097
2009-10-23,0.0104
2009-10-30,0.009000000000000001
2009-11-06,0.0086
2009-11-13,0.008199999999999999
2009-11-20,0.0075
2009-11-27,0.0068000000000000005
2009-12-04,0.0084
2009-12-11,0.0083
2009-12-18,0.008199999999999999
2009-12-25,0.01
2010-01-01,0.011399999999999999
2010-01-08,0.0096
2010-01-15,0.0089
2010-01-22,0.0084
2010-01-29,0.008199999999999999
2010-02-05,0.0077
2010-02-12,0.0084
2010-02-19,0.0095
2010-02-26,0.008100000000000001
2010-03-05,0.0091
2010-03-12,0.0097
2010-03-19,0.0102
2010-03-26,0.0104
2010-04-02,0.0111
2010-04-09,0.0108
2010-04-16,0.0098
2010-04-23,0.011000000000000001
2010-04-30,0.0097
2010-05-07,0.0083
2010-05-14,0.0079
2010-05-21,0.0076
2010-05-28,0.0076
2010-06-04,0.0072
2010-06-11,0.0075
2010-06-18,0.0074
2010-06-25,0.006500000000000001
2010-07-02,0.0063
2010-07-09,0.0063
2010-07-16,0.0060999999999999995
2010-07-23,0.006
2010-07-30,0.0055000000000000005
2010-08-06,0.005
2010-08-13,0.0054
2010-08-20,0.0049
2010-08-27,0.005600000000000001
2010-09-03,0.0052
2010-09-10,0.0058
2010-09-17,0.0048
2010-09-24,0.0045000000000000005
2010-10-01,0.0042
2010-10-08,0.0034999999999999996
2010-10-15,0.0037
2010-10-22,0.0034999999999999996
2010-10-29,0.0034000000000000002
2010-11-05,0.0038
2010-11-12,0.0051
2010-11-19,0.0052
2010-11-26,0.0051
2010-12-03,0.0049
2010-12-10,0.0064
2010-12-17,0.0060999999999999995
2010-12-24,0.0067
2010-12-31,0.0060999999999999995
2011-01-07,0.006
2011-01-14,0.0059
2011-01-21,0.0063
2011-01-28,0.0054
2011-02-04,0.0077
2011-02-11,0.0085
2011-02-18,0.0078000000000000005
2011-02-25,0.0072
2011-03-04,0.0068000000000000005
2011-03-11,0.0064
2011-03-18,0.0060999999999999995
2011-03-25,0.0079
2011-04-01,0.008
2011-04-08,0.0083
2011-04-15,0.0070999999999999995
2011-04-22,0.0068000000000000005
2011-04-29,0.0060999999999999995
2011-05-06,0.005699999999999999
2011-05-13,0.005699999999999999
2011-05-20,0.0055000000000000005
2011-05-27,0.0048
2011-06-03,0.0042
2011-06-10,0.0040999999999999995
2011-06-17,0.0038
2011-06-24,0.0034999999999999996
2011-07-01,0.005
2011-07-08,0.004
2011-07-15,0.0037
2011-07-22,0.004
2011-07-29,0.0036
2011-08-05,0.0028000000000000004
2011-08-12,0.002
2011-08-19,0.002
2011-08-26,0.002
2011-09-02,0.002
2011-09-09,0.0017000000000000001
2011-09-16,0.0018
2011-09-23,0.0023
2011-09-30,0.0025
2011-10-07,0.003
2011-10-14,0.0028000000000000004
2011-10-21,0.003
2011-10-28,0.0028000000000000004
2011-11-04,0.0022
2011-11-11,0.0024
2011-11-18,0.0029
2011-11-25,0.0028000000000000004
2011-12-02,0.0025
2011-12-09,0.0022
2011-12-16,0.0024
2011-12-23,0.0028000000000000004
2011-12-30,0.0025
2012-01-06,0.0025
2012-01-13,0.0024
2012-01-20,0.0026
2012-01-27,0.0022
2012-02-03,0.0023
2012-02-10,0.0027
2012-02-17,0.0029
2012-02-24,0.0031
2012-03-02,0.0028000000000000004
2012-03-09,0.0033
2012-03-16,0.0037
2012-03-23,0.0037
2012-03-30,0.0033
2012-04-06,0.0032
2012-04-13,0.0027
2012-04-20,0.0029
2012-04-27,0.0026
2012-05-04,0.0027
2012-05-11,0.0027
2012-05-18,0.0032
2012-05-25,0.003
2012-06-01,0.0025
2012-06-08,0.0028000000000000004
2012-06-15,0.0029
2012-06-22,0.0031
2012-06-29,0.0033
2012-07-06,0.0027
2012-07-13,0.0025
2012-07-20,0.0022
2012-07-27,0.0025
2012-08-03,0.0024
2012-08-10,0.0027
2012-08-17,0.0029
2012-08-24,0.0028000000000000004
2012-08-31,0.0022
2012-09-07,0.0025
2012-09-14,0.0027
2012-09-21,0.0027
2012-09-28,0.0023
2012-10-05,0.0027
2012-10-12,0.0027
2012-10-19,0.003
2012-10-26,0.003
2012-11-02,0.0028000000000000004
2012-11-09,0.0027
2012-11-16,0.0024
2012-11-23,0.0029
2012-11-30,0.0025
2012-12-07,0.0025
2012-12-14,0.0024
2012-12-21,0.0026
2012-12-28,0.0027
2013-01-04,0.0027
2013-01-11,0.0026
2013-01-18,0.0026
2013-01-25,0.0028000000000000004
2013-02-01,0.0027
2013-02-08,0.0025
2013-02-15,0.0029
2013-02-22,0.0027
2013-03-01,0.0025
2013-03-08,0.0027
2013-03-15,0.0025
2013-03-22,0.0026
2013-03-29,0.0025
2013-04-05,0.0024
2013-04-12,0.0022
2013-04-19,0.0024
2013-04-26,0.0022
2013-05-03,0.0022
2013-05-10,0.0026
2013-05-17,0.0026
2013-05-24,0.0026
2013-05-31,0.003
2013-06-07,0.0032
2013-06-14,0.0029
2013-06-21,0.0038
2013-06-28,0.0036
2013-07-05,0.004
2013-07-12,0.0037
2013-07-19,0.0032
2013-07-26,0.0031
2013-08-02,0.003
2013-08-09,0.0032
2013-08-16,0.0036
2013-08-23,0.004
2013-08-30,0.0039000000000000003
2013-09-06,0.0046
2013-09-13,0.0045000000000000005
2013-09-20,0.0034000000000000002
2013-09-27,0.0034000000000000002
2013-10-04,0.0033
2013-10-11,0.0034999999999999996
2013-10-18,0.0033
2013-10-25,0.0032
2013-11-01,0.0033
2013-11-08,0.0032
2013-11-15,0.0031
2013-11-22,0.0031
2013-11-29,0.0028000000000000004
2013-12-06,0.003
2013-12-13,0.0034000000000000002
2013-12-20,0.0037
2013-12-27,0.004
2014-01-03,0.0040999999999999995
2014-01-10,0.0039000000000000003
2014-01-17,0.004
2014-01-24,0.0037
2014-01-31,0.0034000000000000002
2014-02-07,0.003
2014-02-14,0.0032
2014-02-21,0.0033
2014-02-28,0.0033
2014-03-07,0.0038
2014-03-14,0.0036
2014-03-21,0.0045000000000000005
2014-03-28,0.0045000000000000005
2014-04-04,0.0043
2014-04-11,0.0037
2014-04-18,0.0043
2014-04-25,0.0043
2014-05-02,0.0042
2014-05-09,0.004
2014-05-16,0.0038
2014-05-23,0.0037
2014-05-30,0.0037
2014-06-06,0.0040999999999999995
2014-06-13,0.0045000000000000005
2014-06-20,0.005
2014-06-27,0.0045000000000000005
2014-07-04,0.0052
2014-07-11,0.0048
2014-07-18,0.0051
2014-07-25,0.0053
2014-08-01,0.004699999999999999
2014-08-08,0.0045000000000000005
2014-08-15,0.0042
2014-08-22,0.0053
2014-08-29,0.0048
2014-09-05,0.0052
2014-09-12,0.0058
2014-09-19,0.0059
2014-09-26,0.0059
2014-10-03,0.005699999999999999
2014-10-10,0.0045000000000000005
2014-10-17,0.0039000000000000003
2014-10-24,0.0040999999999999995
2014-10-31,0.005
2014-11-07,0.0051
2014-11-14,0.0054
2014-11-21,0.0053
2014-11-28,0.004699999999999999
2014-12-05,0.006500000000000001
2014-12-12,0.005600000000000001
2014-12-19,0.0067
2014-12-26,0.0073
2015-01-02,0.0066
2015-01-09,0.0059
2015-01-16,0.0049
2015-01-23,0.0052
2015-01-30,0.004699999999999999
2015-02-06,0.006500000000000001
2015-02-13,0.0066
2015-02-20,0.0067
2015-02-27,0.0063
2015-03-06,0.0073
2015-03-13,0.0068000000000000005
2015-03-20,0.006
2015-03-27,0.0058
2015-04-03,0.0049
2015-04-10,0.005699999999999999
2015-04-17,0.0051
2015-04-24,0.0054
2015-05-01,0.006
2015-05-08,0.0059
2015-05-15,0.0055000000000000005
2015-05-22,0.0064
2015-05-29,0.0060999999999999995
2015-06-05,0.0073
2015-06-12,0.0074
2015-06-19,0.006500000000000001
2015-06-26,0.0072
2015-07-03,0.0064
2015-07-10,0.006500000000000001
2015-07-17,0.0068000000000000005
2015-07-24,0.006999999999999999
2015-07-31,0.0067
2015-08-07,0.0073
2015-08-14,0.0073
2015-08-21,0.0064
2015-08-28,0.0072
2015-09-04,0.0070999999999999995
2015-09-11,0.0070999999999999995
2015-09-18,0.0069
2015-09-25,0.006999999999999999
2015-10-02,0.0058
2015-10-09,0.006500000000000001
2015-10-16,0.0060999999999999995
2015-10-23,0.0066
2015-10-30,0.0075
2015-11-06,0.009000000000000001
2015-11-13,0.0086
2015-11-20,0.009300000000000001
2015-11-27,0.0092
2015-12-04,0.0096
2015-12-11,0.0088
2015-12-18,0.0097
2015-12-25,0.0103
2016-01-01,0.0106
2016-01-08,0.009399999999999999
2016-01-15,0.0085
2016-01-22,0.0088
2016-01-29,0.0076
2016-02-05,0.0074
2016-02-12,0.0070999999999999995
2016-02-19,0.0076
2016-02-26,0.008
2016-03-04,0.0088
2016-03-11,0.0097
2016-03-18,0.0084
2016-03-25,0.0089
2016-04-01,0.0076
2016-04-08,0.006999999999999999
2016-04-15,0.0074
2016-04-22,0.0084
2016-04-29,0.0077
2016-05-06,0.0074
2016-05-13,0.0076
2016-05-20,0.0089
2016-05-27,0.009000000000000001
2016-06-03,0.0078000000000000005
2016-06-10,0.0073
2016-06-17,0.006999999999999999
2016-06-24,0.0064
2016-07-01,0.0059
2016-07-08,0.0060999999999999995
2016-07-15,0.0070999999999999995
2016-07-22,0.0070999999999999995
2016-07-29,0.0067
2016-08-05,0.0072
2016-08-12,0.0070999999999999995
2016-08-19,0.0076
2016-08-26,0.0084
2016-09-02,0.008
2016-09-09,0.0079
2016-09-16,0.0077
2016-09-23,0.0077
2016-09-30,0.0077
2016-10-07,0.0083
2016-10-14,0.0084
2016-10-21,0.0084
2016-10-28,0.0086
2016-11-04,0.008
2016-11-11,0.0092
2016-11-18,0.010700000000000001
2016-11-25,0.011200000000000002
2016-12-02,0.0111
2016-12-09,0.0115
2016-12-16,0.0128
2016-12-23,0.012199999999999999
2016-12-30,0.012
2017-01-06,0.012199999999999999
2017-01-13,0.0121
2017-01-20,0.012
2017-01-27,0.012199999999999999
2017-02-03,0.0121
2017-02-10,0.012
2017-02-17,0.0121
2017-02-24,0.011200000000000002
2017-03-03,0.0132
2017-03-10,0.013600000000000001
2017-03-17,0.013300000000000001
2017-03-24,0.0126
2017-03-31,0.0127
2017-04-07,0.0129
2017-04-14,0.0121
2017-04-21,0.012
2017-04-28,0.0128
2017-05-05,0.0132
2017-05-12,0.0129
2017-05-19,0.0128
2017-05-26,0.013000000000000001
2017-06-02,0.0128
2017-06-09,0.013500000000000002
2017-06-16,0.0132
2017-06-23,0.0134
2017-06-30,0.0138
2017-07-07,0.013999999999999999
2017-07-14,0.013500000000000002
2017-07-21,0.013600000000000001
2017-07-28,0.0134
2017-08-04,0.013600000000000001
2017-08-11,0.013000000000000001
2017-08-18,0.013300000000000001
2017-08-25,0.013500000000000002
2017-09-01,0.013500000000000002
2017-09-08,0.0127
2017-09-15,0.0139
2017-09-22,0.0146
2017-09-29,0.0147
2017-10-06,0.0154
2017-10-13,0.0151
2017-10-20,0.016
2017-10-27,0.0159
2017-11-03,0.0163
2017-11-10,0.0167
2017-11-17,0.0173
2017-11-24,0.0175
2017-12-01,0.0178
2017-12-08,0.018000000000000002
2017-12-15,0.0184
2017-12-22,0.0191
2017-12-29,0.0189
2018-01-05,0.0196
2018-01-12,0.0199
2018-01-19,0.0206
2018-01-26,0.0213
2018-02-02,0.0215
2018-02-09,0.020499999999999997
2018-02-16,0.022099999999999998
2018-02-23,0.0225
2018-03-02,0.0225
2018-03-09,0.0227
2018-03-16,0.0231
2018-03-23,0.022799999999999997
2018-03-30,0.0227
2018-04-06,0.0227
2018-04-13,0.023700000000000002
2018-04-20,0.0246
2018-04-27,0.024900000000000002
2018-05-04,0.025099999999999997
2018-05-11,0.0254
2018-05-18,0.0255
2018-05-25,0.0248
2018-06-01,0.024700000000000003
2018-06-08,0.025
2018-06-15,0.0255
2018-06-22,0.0256
2018-06-29,0.0252
2018-07-06,0.0253
2018-07-13,0.0259
2018-07-20,0.026000000000000002
2018-07-27,0.026699999999999998
2018-08-03,0.0263
2018-08-10,0.026099999999999998
2018-08-17,0.026099999999999998
2018-08-24,0.0263
2018-08-31,0.0262
2018-09-07,0.0271
2018-09-14,0.0278
2018-09-21,0.0281
2018-09-28,0.0281
2018-10-05,0.0288
2018-10-12,0.0285
2018-10-19,0.0292
2018-10-26,0.0281
2018-11-02,0.0291
2018-11-09,0.0294
2018-11-16,0.0281
2018-11-23,0.0281
2018-11-30,0.027999999999999997
2018-12-07,0.027200000000000002
2018-12-14,0.0273
2018-12-21,0.0263
2018-12-28,0.0252
2019-01-04,0.025
2019-01-11,0.0255
2019-01-18,0.0262
2019-01-25,0.026000000000000002
2019-02-01,0.0252
2019-02-08,0.0245
2019-02-15,0.0252
2019-02-22,0.0248
2019-03-01,0.0255
2019-03-08,0.0245
2019-03-15,0.024300000000000002
2019-03-22,0.0231
2019-03-29,0.0227
2019-04-05,0.0235
2019-04-12,0.024
2019-04-19,0.023799999999999998
2019-04-26,0.022799999999999997
2019-05-03,0.0233
2019-05-10,0.0226
2019-05-17,0.022000000000000002
2019-05-24,0.0216
2019-05-31,0.0195
2019-06-07,0.018500000000000003
2019-06-14,0.0184
2019-06-21,0.0177
2019-06-28,0.0175
2019-07-05,0.0187
2019-07-12,0.0184
2019-07-19,0.018000000000000002
2019-07-26,0.018600000000000002
2019-08-02,0.0172
2019-08-09,0.0163
2019-08-16,0.0148
2019-08-23,0.0151
2019-08-30,0.015
2019-09-06,0.015300000000000001
2019-09-13,0.0179
2019-09-20,0.0169
2019-09-27,0.0163
2019-10-04,0.013999999999999999
2019-10-11,0.0163
2019-10-18,0.0158
2019-10-25,0.0163
2019-11-01,0.015600000000000001
2019-11-08,0.0168
2019-11-15,0.0161
2019-11-22,0.0161
2019-11-29,0.0161
2019-12-06,0.0161
2019-12-13,0.0161
2019-12-20,0.0163
2019-12-27,0.0159
2020-01-03,0.015300000000000001
2020-01-10,0.015600000000000001
2020-01-17,0.0158
2020-01-24,0.0149
2020-01-31,0.013300000000000001
2020-02-07,0.0141
2020-02-14,0.014199999999999999
2020-02-21,0.0134
2020-02-28,0.0086
2020-03-06,0.0049
2020-03-13,0.0049
2020-03-20,0.0037
2020-03-27,0.0025
2020-04-03,0.0023
2020-04-10,0.0023
2020-04-17,0.002
2020-04-24,0.0022
2020-05-01,0.002
2020-05-08,0.0016
2020-05-15,0.0016
2020-05-22,0.0017000000000000001
2020-05-29,0.0016
2020-06-05,0.0022
2020-06-12,0.0019
2020-06-19,0.0019
2020-06-26,0.0017000000000000001
2020-07-03,0.0016
2020-07-10,0.0016
2020-07-17,0.0014000000000000002
2020-07-24,0.0014000000000000002
2020-07-31,0.0011
2020-08-07,0.0013
2020-08-14,0.0014000000000000002
2020-08-21,0.0016
2020-08-28,0.0014000000000000002
2020-09-04,0.0014000000000000002
2020-09-11,0.0013
2020-09-18,0.0014000000000000002
2020-09-25,0.0012
2020-10-02,0.0013
2020-10-09,0.0016
2020-10-16,0.0014000000000000002
2020-10-23,0.0018
2020-10-30,0.0014000000000000002
2020-11-06,0.0016
2020-11-13,0.0017000000000000001
2020-11-20,0.0016
2020-11-27,0.0016
2020-12-04,0.0016
2020-12-11,0.0011
2020-12-18,0.0013
2020-12-25,0.0013
2021-01-01,0.0013
2021-01-08,0.0014000000000000002
2021-01-15,0.0013
2021-01-22,0.0013
2021-01-29,0.0011
2021-02-05,0.0009
2021-02-12,0.0011
2021-02-19,0.0011
2021-02-26,0.0014000000000000002
2021-03-05,0.0014000000000000002
2021-03-12,0.0014000000000000002
2021-03-19,0.0016
2021-03-26,0.0014000000000000002
2021-04-02,0.0019
2021-04-09,0.0016
2021-04-16,0.0016
2021-04-23,0.0016
2021-04-30,0.0016
2021-05-07,0.0014000000000000002
2021-05-14,0.0016
2021-05-21,0.0017000000000000001
2021-05-28,0.0014000000000000002
2021-06-04,0.0014000000000000002
2021-06-11,0.0016
2021-06-18,0.0026
2021-06-25,0.0028000000000000004
2021-07-02,0.0024
2021-07-09,0.0023
2021-07-16,0.0025
2021-07-23,0.0022
2021-07-30,0.0019
2021-08-06,0.0021
2021-08-13,0.0023
2021-08-20,0.0023
2021-08-27,0.0022
2021-09-03,0.0021
2021-09-10,0.0023
2021-09-17,0.0023
2021-09-24,0.0029
2021-10-01,0.0027
2021-10-08,0.0032
2021-10-15,0.0040999999999999995
2021-10-22,0.0048
2021-10-29,0.0048
2021-11-05,0.0039000000000000003
2021-11-12,0.0053
2021-11-19,0.0052
2021-11-26,0.005
2021-12-03,0.006
2021-12-10,0.0067
2021-12-17,0.0066
2021-12-24,0.0070999999999999995
2021-12-31,0.0073
2022-01-07,0.0087
2022-01-14,0.009899999999999999
2022-01-21,0.0101
2022-01-28,0.0115
2022-02-04,0.0131
2022-02-11,0.015
2022-02-18,0.0147
2022-02-25,0.0155
2022-03-04,0.015
2022-03-11,0.0175
2022-03-18,0.0197
2022-03-25,0.023
2022-04-01,0.024399999999999998
2022-04-08,0.0253
2022-04-15,0.024700000000000003
2022-04-22,0.027200000000000002
2022-04-29,0.027000000000000003
2022-05-06,0.027200000000000002
2022-05-13,0.026099999999999998
2022-05-20,0.026000000000000002
2022-05-27,0.024700000000000003
2022-06-03,0.026600000000000002
2022-06-10,0.030600000000000002
2022-06-17,0.0317
2022-06-24,0.0304
2022-07-01,0.028399999999999998
2022-07-08,0.031200000000000002
2022-07-15,0.0313
2022-07-22,0.0298
2022-07-29,0.028900000000000002
2022-08-05,0.032400000000000005
2022-08-12,0.0325
2022-08-19,0.0325
2022-08-26,0.0337
2022-09-02,0.034
2022-09-09,0.0356
2022-09-16,0.0385
2022-09-23,0.042
2022-09-30,0.042199999999999994
2022-10-07,0.043
2022-10-14,0.044800000000000006
2022-10-21,0.0449
2022-10-28,0.0441
2022-11-04,0.0466
2022-11-11,0.0434
2022-11-18,0.0451
2022-11-25,0.044199999999999996
2022-12-02,0.042800000000000005
2022-12-09,0.0433
2022-12-16,0.0417
2022-12-23,0.0431
2022-12-30,0.0441
2023-01-06,0.0424
2023-01-13,0.042199999999999994
2023-01-20,0.0414
2023-01-27,0.04190000000000001
2023-02-03,0.043
2023-02-10,0.045
2023-02-17,0.046
2023-02-24,0.0478
2023-03-03,0.048600000000000004
2023-03-10,0.046
2023-03-17,0.0381
2023-03-24,0.037599999999999995
2023-03-31,0.0406
2023-04-07,0.0397
2023-04-14,0.0408
2023-04-21,0.0417
2023-04-28,0.0404
2023-05-05,0.0392
2023-05-12,0.0398
2023-05-19,0.042800000000000005
2023-05-26,0.0454
2023-06-02,0.045
2023-06-09,0.045899999999999996
2023-06-16,0.047
2023-06-23,0.0471
2023-06-30,0.0487
2023-07-07,0.049400000000000006
2023-07-14,0.047400000000000005
2023-07-21,0.0482
2023-07-28,0.0487
2023-08-04,0.0478
2023-08-11,0.0489
2023-08-18,0.0492
2023-08-25,0.050300000000000004
2023-09-01,0.0487
2023-09-08,0.049800000000000004
2023-09-15,0.050199999999999995
2023-09-22,0.051
2023-09-29,0.050300000000000004
2023-10-06,0.0508
2023-10-13,0.0504
2023-10-20,0.0507
2023-10-27,0.0499
2023-11-03,0.0483
2023-11-10,0.0504
2023-11-17,0.048799999999999996
2023-11-24,0.0492
2023-12-01,0.045599999999999995
2023-12-08,0.0471
2023-12-15,0.0444
2023-12-22,0.0431
2023-12-29,0.042300000000000004
2024-01-05,0.044000000000000004
2024-01-12,0.0414
2024-01-19,0.043899999999999995
2024-01-26,0.0434
2024-02-02,0.0436
2024-02-09,0.044800000000000006
2024-02-16,0.0464
2024-02-23,0.0467
2024-03-01,0.0454
2024-03-08,0.044800000000000006
2024-03-15,0.0472
2024-03-22,0.045899999999999996
2024-03-29,0.045899999999999996
2024-04-05,0.0473
2024-04-12,0.048799999999999996
2024-04-19,0.049699999999999994
2024-04-26,0.0496
2024-05-03,0.0481
2024-05-10,0.0487
2024-05-17,0.0483
2024-05-24,0.0493
2024-05-31,0.0489
2024-06-07,0.0487
2024-06-14,0.0467
2024-06-21,0.047
2024-06-28,0.0471
2024-07-05,0.046
2024-07-12,0.044500000000000005
2024-07-19,0.0449
2024-07-26,0.0436
2024-08-02,0.0388
2024-08-09,0.0405
2024-08-16,0.0406
2024-08-23,0.039
2024-08-30,0.0391
2024-09-06,0.0366
2024-09-13,0.035699999999999996
2024-09-20,0.0355
2024-09-27,0.0355
2024-10-04,0.0393
2024-10-11,0.0395
2024-10-18,0.0395
2024-10-25,0.041100000000000005
2024-11-01,0.0421
2024-11-08,0.0426
2024-11-15,0.0431
2024-11-22,0.0437
2024-11-29,0.041299999999999996
2024-12-06,0.040999999999999995
2024-12-13,0.0425
2024-12-20,0.043
2024-12-27,0.0431
2025-01-03,0.042800000000000005
2025-01-10,0.044000000000000004
2025-01-17,0.042699999999999995
2025-01-24,0.042699999999999995
2025-01-31,0.042199999999999994
2025-02-07,0.0429
2025-02-14,0.0426
2025-02-21,0.04190000000000001
2025-02-28,0.039900000000000005
2025-03-07,0.039900000000000005
2025-03-14,0.04019999999999999
2025-03-21,0.0394
2025-03-28,0.038900000000000004
2025-04-04,0.0368
2025-04-11,0.039599999999999996
2025-04-18,0.0381
2025-04-25,0.0374
2025-05-02,0.0383
2025-05-09,0.0388
2025-05-16,0.0398
2025-05-23,0.04
2025-05-30,0.038900000000000004
2025-06-06,0.0404
2025-06-13,0.039599999999999996
2025-06-20,0.039
2025-06-27,0.0373
2025-07-04,0.0388
2025-07-11,0.039
2025-07-18,0.0388
2025-07-25,0.0391
2025-08-01,0.0369
2025-08-08,0.037599999999999995
2025-08-15,0.0375
2025-08-22,0.0368
2025-08-29,0.0359
2025-09-05,0.0351
2025-09-12,0.0356
2025-09-19,0.035699999999999996
2025-09-26,0.0363
2025-10-03,0.0358
2025-10-10,0.0352
2025-10-17,0.0346
2025-10-24,0.0348
2025-10-31,0.036000000000000004
2025-11-07,0.0355
2025-11-14,0.0362
2025-11-21,0.0351
2025-11-28,0.0347
2025-12-05,0.0356
2025-12-12,0.0352
2025-12-19,0.0348
2025-12-26,0.0346
2026-01-02,0.0347
2026-01-09,0.0354
2026-01-16,0.0359
2026-01-23,0.036000000000000004
2026-01-30,0.0352
2026-02-06,0.035
2026-02-13,0.034
2026-02-20,0.0348
2026-02-27,0.0338
2026-03-06,0.0356
2026-03-13,0.0373
2026-03-20,0.0388
2026-03-27,0.0388
2026-04-03,0.0384
2026-04-10,0.0381
2026-04-17,0.0371
2026-04-24,0.0378
2026-05-01,0.0388
2026-05-08,0.039
2026-05-15,0.0409
2026-05-22,0.041299999999999996
2026-05-29,0.0398
2026-06-05,0.0417
2026-06-12,0.0409
2026-06-19,0.04190000000000001
2026-06-26,0.0407
2026-07-03,0.0414
2026-07-10,0.0421
2026-07-17,0.0418
2026-07-24,0.0433
2026-07-31,0.042800000000000005
2026-08-07,0.04190000000000001
2026-08-14,0.0417
2026-08-21,0.0424
2026-08-28,0.0434
2026-09-04,0.0437
2026-09-11,0.0463
2026-09-18,0.047599999999999996
2026-09-25,0.0481
2026-10-02,0.0483
